1,あずき
2,ア カインド オブ ガイズ
3,ア コールド ウォール
4,ア デタシェ
5,ア ベイシング エイプ
6,ア ヴァケーション
7,アイ
8,アイ バイ オプティチュード
9,アイアム
10,アイアムアイ
11,アイエヌアイ
12,アイクポッド
13,アイグナー
14,アイザック セラム
15,アイザック ミズラヒ
16,アイシー ベルリン
17,アイシービー
18,アイスウォッチ
19,アイステネストロバイテ
20,アイスバーグ
21,アイズビット ダイカンヤマ
22,アイダブリューシー
23,アイディー デイリーウエア
24,アイファニー
25,アイフォリア
26,アイムオーケー
27,アイラ
28,アイランドスリッパ
29,アイランドニットワークス
30,アイリス & インク
31,アイレネ
32,アイロニー
33,アイヴァン 7285
34,アウアー
35,アウェイク
36,アウトドアプロダクツ
37,アウラ
38,アウラアイラ
39,アエタ
40,アエヴェス
41,アオイワナカ
42,アカネ ウツノミヤ
43,アカリ ミヤヅ
44,アカンサス
45,アガタ パリ
46,アガット
47,アガノヴィッチ
48,アキコアオキ
49,アキコオガワ
50,アキラナカ
51,アキラーノ・リモンディ
52,アギ＆サム
53,アクアガール
54,アクアスキュータム
55,アクアズーラ
56,アクアノウティック
57,アクア・アクア
58,アクエスチョンオブ
59,アクオド バイ チャヌ
60,アクシーズファム
61,アクセサライズ
62,アクセーヌ
63,アクネ ストゥディオズ
64,アクリス
65,アクロニウム
66,アグ
67,アグネスノーデンホルツ
68,アグリス
69,アコモデ
70,アゴスト
71,アサミフジカワ
72,アザロ
73,アザー / ショップ
74,アシシュ
75,アシックス
76,アシュリー ウィリアムズ
77,アシードンクラウド
78,アスガージュエルラーセン
79,アスキ カタスキ
80,アストラット
81,アスプレイ
82,アスペジ
83,アスレティア
84,アズ ノゥ アズ
85,アズウィーグロウ
86,アズニ
87,アズマ
88,アズールバイマウジー
89,アソコ
90,アタックザマインドセブン
91,アタッチメント
92,アダバット
93,アダマイト
94,アダム エ ロペ
95,アダム キメル
96,アダム ジョーンズ
97,アダンス
98,アッカカッパ
99,アッシュ
100,アッシュ ＆ ダイヤモンド
101,アッソブ
102,アットラスト
103,アッパーハイツ
104,アップルバム
105,アツシ ナカシマ
106,アツロウ タヤマ
107,アティピコ
108,アティース
109,アテノイ
110,アディアム
111,アディクション
112,アディクト
113,アディダス
114,アディナ ミューズ
115,アデリー
116,アデル
117,アトウ
118,アトモス
119,アトリエ アウラ
120,アトリエ アメロ
121,アトリエ ドゥ サボン
122,アトリエサブ
123,アトリエシムラ
124,アトリエスパン
125,アトリエベトン
126,アドバンテージサイクル
127,アドミラルフットウェア
128,アドルフォドミンゲス
129,アドーア
130,アナ スイ
131,アナ スタジオ
132,アナ ロッキング
133,アナイ
134,アナクロノーム
135,アナザーエディション
136,アナップ
137,アナトミカ
138,アナトリエ
139,アナログ ライティング
140,アニアリ
141,アニエスベー
142,アニオナ
143,アニコーン
144,アニティア
145,アニマ
146,アニヤ ハインドマーチ
147,アヌーキ
148,アヌーン
149,アネモネ
150,アネロ
151,アノーカ
152,アバクロンビー&フィッチ
153,アバハウス
154,アバハウス・ドゥヴィネット
155,アパートバイ ローリーズ
156,アビィ
157,アフタヌーンティー・リビング
158,アフターダーク
159,アフリカン・アペイロン
160,アブストライズ
161,アプワイザー・リッシェ
162,アベリ
163,アベル
164,アボック
165,アポクリファ
166,アポロジー
167,アマカ
168,アマヤ アルズアーガ
169,アマンダ ウェイクリー
170,アミ アレクサンドル マテュッシ
171,アミアカルヴァ
172,アミウ
173,アミナカ ウィルモント
174,アミュー シー
175,アミリ
176,アミリス
177,アメリ
178,アメリ ヴィンテージ
179,アメリカン ホリック
180,アメリカン リビング
181,アメリカン ヴィンテージ
182,アメリカンアパレル
183,アメリカンイーグル アウトフィッターズ
184,アメリカンニードル
185,アメリカンラグ シー
186,アメリカーナ
187,アモク
188,アヤメ
189,アヤメ アイウェア デザイン
190,アヤーム
191,アユ☆イテ
192,アユミミツカネ
193,アユーラ
194,アライア
195,アライサラ
196,アライブアスレティックス
197,アラヌイ
198,アラミス
199,アラルディ 1930
200,アラン ミクリ
201,アリア
202,アリウナ・スール
203,アリエル デ ピント
204,アリス アンド オリビア
205,アリスアウアア
206,アリスマッコール
207,アリゾナ
208,アリュメール
209,アリュード
210,アリーズ
211,アリータ
212,アルカリ
213,アルクフェニックス
214,アルケミスト
215,アルコン
216,アルシーヴ
217,アルジー
218,アルセーヌ エ レ ピプレット
219,アルチュザラ
220,アルティオリ
221,アルティーダ ウード
222,アルテサニア
223,アルテヴァイサオーメ
224,アルディー ノアール
225,アルトロ
226,アルネ ヤコブセン
227,アルネブ
228,アルノー・ラエール
229,アルバトス スワンポエル
230,アルバローザ
231,アルビオン
232,アルビーノ
233,アルピナ
234,アルファ インダストリーズ
235,アルファ60
236,アルフレッド サージェント
237,アルフレッド・バニスター
238,アルベルタ フェレッティ
239,アルベルト インカヌティ
240,アルベルト ザンベルリ
241,アルベルト フェルマーニ
242,アルベール エルバス
243,アルページュ
244,アルボーマリー
245,アルマンド タケダ
246,アルマンド バシ
247,アレキサンダー オルチ
248,アレキサンダー リー チャン
249,アレキサンダー ワン
250,アレキサンダーヤマグチ
251,アレキサンダー・マックイーン
252,アレキサンドル マチュー
253,アレクサンドラ ニール
254,アレクサンドラ ベーシュエレン
255,アレクサンドル ズアリ
256,アレクサンドル ドゥ パリ
257,アレクサンドル ボーティエ
258,アレクシ・マビーユ
259,アレグリ
260,アレックス アンド アニ
261,アレックス ミル
262,アレックス モンロー
263,アレックスストリーター
264,アレックス・クレーン
265,アレッサンドラ・ファッキネッティ
266,アレッサンドロ デラクア
267,アレッシア・ソカート
268,アレッシィ
269,アレッジ
270,アレットブラン
271,アレフルード
272,アレン エドモンズ
273,アロハコレクション
274,アローブ
275,アワーレガシー
276,アン アナザー アンジェラス
277,アン クライン
278,アン ソフィー マドセン
279,アン ドゥムルメステール
280,アン ヴァレリー アッシュ
281,アンイミテッドスィフル
282,アンカー
283,アンク
284,アンクワイエット
285,アングラサッド
286,アングリッド
287,アンコンディショナル
288,アンサ
289,アンジェラ
290,アンジェロ フィギュス
291,アンスクウィーキー
292,アンスクリア
293,アンスナム
294,アンスリューム
295,アンスリード
296,アンソニー マイルス
297,アンソニー ヴァカレロ
298,アンソフィー バック
299,アンソロジー
300,アンソロジーパリ
301,アンソロポロジー
302,アンソール
303,アンタイトル
304,アンダーアーマー
305,アンダーカバイズム
306,アンダーカバー
307,アンダーキャッスル
308,アンダークイズム
309,アンダーグラウンド
310,アンダーソン アンダーソン
311,アンダーソン＆シェパード
312,アンチェンジド
313,アンチクラス
314,アンティアン
315,アンティクローズ
316,アンティックデニム
317,アンティパスト
318,アンティポディウム
319,アンティローザ
320,アンテプリマ
321,アンディフィーテッド
322,アンデコレイテッド
323,アンデミュウ
324,アンデルセン アンデルセン
325,アントニオ ベラルディ
326,アントニオ マラス
327,アントニオ ミロ
328,アントニ＆アリソン
329,アンドゥミ
330,アンドエー
331,アンドクチュール
332,アンドサンズ
333,アンドシュエット
334,アンドリュー ゲン
335,アンドリュー マッケンジー
336,アンドレア ポンピリオ
337,アンドロジナス
338,アンドワンダー
339,アンナリタ エンネ
340,アンヌジェイ
341,アンノウン
342,アンバリ
343,アンバー
344,アンビリカル
345,アンビー
346,アンフィ
347,アンブッシュ
348,アンブロ
349,アンプ ジャパン
350,アンプリチュード
351,アンプリファイド
352,アンヘル アラルコン
353,アンベル
354,アンユーズド
355,アンライバルド
356,アンリアレイジ
357,アンリ・シャルパンティエ
358,アンリ・ルルー
359,アンリークイール
360,アンリーフ
361,アンルリー
362,アンルート
363,アヴァロン
364,アヴァンリリィ
365,アヴィレックス
366,アヴェダ
367,アヴォイド
368,アヴリル・ゴウ
369,ア・テストーニ
370,ア・ボンタージ
371,ア・ワークルーム
372,アーウィン＆ジョーダン
373,アーカー
374,アーキ
375,アークコレクティブ
376,アークティック エクスプローラー
377,アークテリクス
378,アーサスベイプ
379,アージェントグリーム
380,アース
381,アースマジック
382,アースミュージック＆エコロジー
383,アーチェロ
384,アーチ・オプティカル
385,アーツ&サイエンス
386,アーツ＆クラフツ
387,アーデム
388,アート カムズ ファースト
389,アートポイント
390,アートワークブルー
391,アート・バーグ
392,アーネイ
393,アーネストソーン
394,アーノルドパーマー タイムレス
395,アーノルド＆サン
396,アーバンアウトフィッターズ
397,アーバンモビリティー
398,アーバンリサーチ
399,アームド
400,アーモンド
401,アーリ
402,アール エル エックス ラルフ ローレン
403,アール エー ビー ディー
404,アール サーティーン
405,アールエヌエー
406,アールエフダブリュー
407,アールエムエス ビューティー
408,アールエムケー
409,アールジェイビー
410,アールジーン
411,アールダム
412,アールト
413,アールニューボールド
414,アールビーエス
415,アールビーティ
416,アー・ペー・セー
417,アー・ヴェ・ヴェ
418,イ ゴンマン
419,イ ブルース
420,イアンヌ
421,イイザ ローン
422,イイミサ
423,イェンス
424,イエッカヴェッカ
425,イエティ
426,イエナ
427,イエローズプラス
428,イエンスラウガセン
429,イエーガーロンドン
430,イエーライト
431,イオ
432,イオッセリアーニ
433,イキジ
434,イクミ
435,イグニス
436,イケア
437,イコサエ
438,イサ アフェン
439,イサオラ
440,イサムカタヤマ バックラッシュ
441,イザイア
442,イザベル トレド
443,イザベル ベネナート
444,イザベル マラン
445,イザリシー
446,イストワール ドゥ パルファン
447,イズネス
448,イズリール
449,イソップ
450,イタズラ
451,イタリア インディペンデント
452,イタレッセ
453,イチエフ
454,イチル
455,イッカ
456,イッサ
457,イッセイ ミヤケ
458,イッティビッティ
459,イッペイタケイ
460,イデオ
461,イトリン
462,イナモラート
463,イナリ
464,イニスフリー
465,イネド
466,イノーヴェ
467,イパネマ
468,イビサ
469,イフシックスワズナイン
470,イブリッド
471,イプサ
472,イム
473,イラリア ニストリ
474,イランイラン
475,イリア アシミネ
476,イリアド
477,イリアンローヴ
478,イリス ヴァン ヘルペン
479,イリスフォーセブン
480,イル ビゾンテ
481,イルイット
482,イルカンパゴ
483,イルセ ヤコブセン ホーンバック
484,イルツ
485,イル・サンダロ・オブ・カプリ
486,イレアナ・マクリ
487,イレギュラー・チョイス
488,イレステーバ
489,イレニサ
490,イレブンティ
491,イロコイ
492,イロセ
493,イロフシ
494,イロンデール
495,イン
496,イン クラウディネス
497,イン-プロセス トーキョー
498,インカネーション
499,イング
500,インケース
501,インコテックス
502,インサイト 51
503,インスタント・ジュエル
504,インストゥルメント
505,インソニア
506,インタープラネット
507,インターメッツォ
508,インダストリアルカテゴリー
509,インティメイトダイアリー
510,インディビジュアライズド シャツ
511,インディビジュアルセンチメント
512,インディヴィ
513,インデックス
514,イントゥーカ
515,インバーアラン
516,インバーティア
517,インバート
518,インパクティスケリー
519,インビジブルマン
520,インフラックス
521,インユアライフ
522,インヴェルニ
523,イヴ サロモン
524,イヴァナ ヘルシンキ
525,イヴァンカ トランプ
526,イヴァン・ヴァレンティン
527,イヴォーク
528,イヴ・サンローラン
529,イー.ワイ.ワダ
530,イージー
531,イーストパック
532,イーストボーイ
533,イーチ アザー
534,イートウツ
535,イートミー
536,イードゥン
537,イーハイフンワールドギャラリー
538,イームズ
539,イーラ
540,イーリー キシモト
541,イール プロダクツ
542,イー・エム
543,ウィエップ
544,ウィグワム
545,ウィゴー
546,ウィザード
547,ウィシャラウィッシュ
548,ウィズリミテッド
549,ウィム ニールス
550,ウィリアムウォレス
551,ウィリアムエル
552,ウィリアムロッキー
553,ウィンダンシー
554,ウィーウィル
555,ウィーエスシー
556,ウィークデイ
557,ウィーナーブルート
558,ウイングス・アンド・ホーンズ
559,ウェア ザ フィロソフィ
560,ウェアガス
561,ウェアボブソン
562,ウェアラバウツ
563,ウェイジー
564,ウェッジウッド
565,ウェルシュ＆ジェフリーズ
566,ウェルダー
567,ウェンエヴァーウェアエヴァー
568,ウェンディ＆ジム
569,ウェールズ・ボナー
570,ウエアハウス
571,ウエス
572,ウエスコ
573,ウエスタリー
574,ウエスト エンド ルール
575,ウエストウッド アウトフィッターズ
576,ウエストトワイス
577,ウエムロ ムネノリ
578,ウォルサム
579,ウォルター ヴァン ベイレンドンク
580,ウォルッシュ
581,ウォルフガングプロクシュ
582,ウォント レス エッセンシャル デ ラ ヴィ
583,ウォーク オブ シェイム
584,ウォーデン
585,ウォーリアーズ オブ ラッドネス
586,ウオッチランド
587,ウカ
588,ウジョー
589,ウズ
590,ウッターズ アンド ヘンドリックス
591,ウッドウッド
592,ウティ
593,ウド エドリング
594,ウニコ
595,ウニマティック
596,ウノ ピゥ ウノ ウグァーレ トレ
597,ウノビリエ
598,ウノ・デ・シンクエンタ
599,ウブロ
600,ウミット ベナン
601,ウル
602,ウルフズヘッド
603,ウルフマンB.R.S.
604,ウルヴァリン
605,ウルヴスキルシープ
606,ウー ヨン ミ
607,ウーゴ カッチャトーリ
608,ウールリッチ
609,エアウォーク
610,エアパペル
611,エアリン
612,エアロポステール
613,エアロレザー
614,エアロン
615,エィス
616,エイべリー・ロウ
617,エイカ ヨシナリ
618,エイケイエム
619,エイジ
620,エイチ.カツカワ
621,エイチティーシー
622,エイチティーシー ブラック
623,エイチビィジィ
624,エイチ・ナオト
625,エイチ＆エム
626,エイティーズ
627,エイト
628,エイトオ―エイトコレクション
629,エイトン
630,エイプリル77
631,エイプル
632,エイミー インザ バッティー ガール
633,エイミー マクウィリアムス
634,エイ・ネット
635,エオトト
636,エカム
637,エキップモン
638,エクスインフィニタス
639,エクスエール
640,エクストララージ
641,エクストローディナリー ジェーン
642,エクスパティーズ
643,エクスパンション
644,エクセル
645,エクセルコ ダイヤモンド
646,エコアルフ
647,エコー
648,エコーズ・ラッタ
649,エゴイスト
650,エゴトリッピング
651,エス エッセンシャルズ
652,エス オーケストル
653,エスカーダ
654,エスケーツー
655,エスジェイエックス
656,エスダブリューシー
657,エスティ ローダー
658,エステール
659,エスト
660,エストネーション
661,エスビー・コンセプト
662,エスピエ
663,エスプリーク
664,エスペランサ
665,エス・テー・デュポン
666,エズミ
667,エセントリック・モレキュールズ
668,エタブルオブメニーオーダーズ
669,エターナル
670,エターナル チャイルド
671,エチケットクロージャース
672,エチュード スタジオ
673,エックスガール
674,エッグ
675,エッグスンシングス
676,エッシュ
677,エッシー
678,エッセンシャル アントワープ
679,エッティンガー
680,エテ
681,エテュセ
682,エディション
683,エディションズ エムアール
684,エディット フォー ルル
685,エディフィス
686,エディ・スリマン
687,エディー・バウアー
688,エデュケーションフロムヤングマシーン
689,エトス
690,エトセンス
691,エトニアバルセロナ
692,エトロ
693,エトヴァス ボネゲ
694,エトヴォス
695,エド ハーディー
696,エド ロバート ジャドソン
697,エドウィナ ホール
698,エドウイン
699,エドックス
700,エドワード セクストン
701,エドワードグリーン
702,エナジー
703,エナソルーナ
704,エナロイド
705,エニィスィス
706,エニィファム
707,エニシング
708,エニーエニー
709,エヌエヌバイナンバーナイン
710,エヌオーガニック
711,エヌジーエイピー
712,エヌフォー
713,エヌワイディージェイ
714,エネヴァレ
715,エバーラスティングライド
716,エバーラスト
717,エビコン
718,エピス
719,"エピソード ナンバー.,"
720,エピローグチャント
721,エフィレボル
722,エフィー
723,エフェクター
724,エフェクテン
725,エフェクト
726,エフエイティー
727,エフオービー ファクトリー
728,エフシーイー
729,エフシーレアルブリストル
730,エフティーシー
731,エフデ
732,エフデーゼ
733,エフ・クリオ
734,エブール
735,エベラール
736,エベル
737,エボニー
738,エポイ
739,エポカ
740,エマ クック
741,エマニュエル ウンガロ
742,エマリーエ
743,エミ
744,エミュー オーストラリア
745,エミリアーノ リナルディ
746,エミリオ デ ラ モレナ
747,エミリオ・プッチ
748,エミリーテンプルキュート
749,エム
750,エム / ミカニナガワ
751,エム エー エス ユー
752,エム ゼロ エイト ファイブ ワン
753,エム パトモス
754,エムアイエムシー
755,エムアンドキョウコ
756,エムエスジーエム
757,エムエヌ ラスト
758,エムエフペン
759,エムエム6 メゾン マルジェラ
760,エムエークロス
761,エムコーエン
762,エムシーエム
763,エムスール
764,エムズ ブラック
765,エムズグレィシー
766,エムダブリューオービーエイチエム
767,エムディーエヌエースキン
768,エムピウ
769,エムプルミエ
770,エム・ダブリュー
771,エム・マグリア
772,エム＆エム
773,エメ
774,エメフィール
775,エメリカ
776,エメル リファインズ
777,エモダ
778,エモモナキア
779,エラボレイト
780,エラモス
781,エリオットサイコ
782,エリオポール
783,エリカ イケジリ
784,エリクシール
785,エリクソン ビーモン
786,エリザ
787,エリザベス アンド ジェームス
788,エリザベス エマニュエル
789,エリザベスアーデン
790,エリザベッタ フランキ
791,エリック エマニュエル
792,エリナレベッシ
793,エリマキソックス
794,エリミネイト
795,エリン フェザーストン
796,エリー サーブ
797,エル イー ディー バイツ
798,エルイー
799,エルエイチピー
800,エルカルテット
801,エルゴポック
802,エルザ スキャパレリ
803,エルザ・ウィンクラー
804,エルジービー
805,エルディーエス
806,エルディータートル
807,エルネスト クリエイティヴ アクティヴィティ
808,エルビラ
809,エルフォーブル
810,エルブラウン
811,エルベ エジェ
812,エルベ シャプリエ
813,エルマフロディット
814,エルマンノ シェルヴィーノ
815,エルメス
816,エルメネジルド ゼニア
817,エルヴィエ・プロダクションズ
818,エル・エー・エイチ・ヴァンドーム青山
819,エルーラ
820,エレガンス
821,エレクトリックコテージ
822,エレッセ
823,エレナ メイヤー
824,エレファン
825,エレファントトライバルファブリックス
826,エレホン
827,エレメント
828,エレンディーク
829,エンジニアド ガーメンツ
830,エンスウィート
831,エンター
832,エンダースキーマ
833,エンツォ ボナフェ
834,エントプティック
835,エンハンス
836,エンハンス エレメント
837,エンハーモニック・タヴァーン
838,エンパイア
839,エンフォルド
840,エンポリオ アルマーニ
841,エンメティ
842,エンリーベグリン
843,エヴァムエヴァ
844,エヴァーラスティングスプラウト
845,エヴィス
846,エヴィル・ツイン
847,エヴリス
848,エヴー
849,エー エー スペクトラム
850,エー ディグリー ファーレンハイト
851,エー ディー エス アール
852,エーアイイー
853,エーアンドジー
854,エーエフエフエー
855,エーエムビー
856,エーエルシー
857,エーグル
858,エーシーシー
859,エージー
860,エース
861,エースクリエーション
862,エーダブルエー
863,エーテル
864,エーディーエムジェイ
865,エーディーディー
866,エービーエックス
867,エーピー ストゥディオ
868,エーライフ
869,エー・ディー・エー
870,オアスロウ
871,オイボ
872,オオシマレイ
873,オオタ
874,オキラク
875,オサジ
876,オジャガデザイン
877,オジー クラーク
878,オスカー デ ラ レンタ
879,オスクレン
880,オスマン
881,オズモーシス
882,オズワルド ボーテング
883,オゾック
884,オゾンコミュニティ
885,オッケー
886,オッサモンド
887,オデット エ オディール
888,オデュール
889,オドラデック
890,オナティス
891,オナー ギャザリング
892,オニツカタイガー
893,オネスト バイ. ブルーノ ピータース
894,オネット
895,オバク
896,オビーディエント サンズ＆ドーターズ
897,オフ-ホワイト c/o ヴァージル アブロー
898,オフィシーヌ・ユニヴェルセル・ビュリー
899,オフィチーネ パネライ
900,オフオン
901,オブジェスタンダール
902,オブスキュー
903,オベリスク
904,オペラ
905,オペークドットクリップ
906,オムニゴッド
907,オメカシ
908,オメガ
909,オメロ オルテガ
910,オランピア ル タン
911,オリアン
912,オリエンタルトラフィック
913,オリエント
914,オリザ ルイ ルグラン
915,オリジナル ジョン
916,オリジナルフェイク
917,オリバー ゴールドスミス
918,オリバーピープルズ
919,オリバー・スペンサー
920,オリビア・バートン
921,オリヴィエ ティスケンス
922,オリーブ デ オリーブ
923,オルタナティブ アパレル
924,オルチアーニ
925,オルビス
926,オルビス ミスター
927,オルフィック
928,オレグノ
929,オレフォス
930,オロビアンコ
931,オンザライン
932,オンス
933,オンブレ・ニーニョ
934,オヴァディア＆サンズ
935,オー
936,オー プロジェクト
937,オーウェル
938,オーエーエムシー
939,オーエーディー ニューヨーク
940,オーギュスト プレゼンテーション
941,オーク ニューヨーク
942,オークリー
943,オーケイ
944,オーシャンパシフィック
945,オーセンティック シュー＆コー
946,オーディナリーフィッツ
947,オーディン ブック
948,オーデマ ピゲ
949,オート
950,オードリー アンド ジョン ワッド
951,オードーン
952,オーネ ティテル
953,オーバイエッフェ
954,オーバーコート
955,オーバーザストライプス
956,オーバーライド
957,オーバーレース
958,オーピーアイ
959,オーブ
960,オープニングセレモニー
961,オーベルシー
962,オーマイグラス東京
963,オーラリー
964,オーラ・カイリー
965,オールセインツ
966,オールデン
967,オールドイングランド
968,オールドキュリオシティ・ショップ
969,オールドジョー
970,オールドネイビー
971,オールドポートモカシン
972,オールバーズ
973,オールモストブラック
974,オーレット
975,オーロラグラン
976,オー！ヤ？
977,ヴァイタル マテリアル
978,ヴァイナルアーカイブ
979,ヴァイバー
980,ヴァシュモン
981,ヴァシュロン・コンスタンタン
982,ヴァジック
983,ヴァスコ
984,ヴァセリン
985,ヴァニラコンフュージョン
986,ヴァネッサブリューノ
987,ヴァルゴ ウェアワークス
988,ヴァルフェー
989,ヴァレクストラ
990,ヴァレンティノ
991,ヴァレンティン ユダシュキン
992,ヴァン クリーフ＆アーペル
993,ヴァン ホンゴー
994,ヴァンキッシュ
995,ヴァンズ
996,ヴァンソン・エ・ミレイユ
997,ヴァンダライズ
998,ヴァンダーキンド
999,ヴァンティーク
1000,ヴァンドゥー・オクトーブル
1001,ヴァンドームブティック
1002,ヴァンドーム青山
1003,ヴァンプ
1004,ヴァン・デ・ヴォヤージュ
1005,ヴァーガス
1006,ヴィエール ビジュソフィア
1007,ヴィオネ
1008,ヴィオラ＆ローゼス
1009,ヴィクター グレモード
1010,ヴィクター＆ロルフ
1011,ヴィクティム
1012,ヴィクトリア・ハイド ロンドン
1013,ヴィクトリア・ベッカム
1014,ヴィクトリオ＆ルッキーノ
1015,ヴィコント アー
1016,ヴィジュアルレポート
1017,ヴィセ
1018,ヴィッチーニ
1019,ヴィル リュミエール
1020,ヴィンカトーキョー
1021,ヴィンス カムート
1022,ヴィンテージ 55
1023,ヴィンテージ(年代物)
1024,ヴィヴィアン タム
1025,ヴィヴィアンノ スー
1026,ヴィヴィアン・ウエストウッド
1027,ヴィーエル・バイ・ウィー
1028,ヴイルーム
1029,ヴェイパライズ
1030,ヴェイユ
1031,ヴェイン
1032,ヴェジャ
1033,ヴェトモン
1034,ヴェナ カヴァ
1035,ヴェニーニ
1036,ヴェラ ウォン
1037,ヴェラ・ブラッドリー
1038,ヴェリテクール
1039,ヴェルサス ヴェルサーチェ
1040,ヴェルサーチェ
1041,ヴェルニカ
1042,ヴェルヴェットラウンジ
1043,ヴェロニク ブランキーノ
1044,ヴェロニク ルロワ
1045,ヴェンツェル
1046,ヴェントリロクイスト
1047,ヴェンヌ
1048,ヴェールダンス
1049,ヴォアーブ
1050,ヴォルガヴォルガ
1051,ヴォン
1052,ヴォー
1053,ヴォーン アレキサンダー
1054,ヴゼット
1055,ヴュー ドゥシー
1056,ヴュータント
1057,きものやまと
1058,くろかみ
1059,カイキ
1060,カイコー
1061,カイダン エディションズ
1062,カウイジャミール
1063,カオル
1064,カオン
1065,カガリユウスケ
1066,カクマ
1067,カサディ
1068,カサブランカ
1069,カザール
1070,カシオ
1071,カシミ オム
1072,カシミア
1073,カシミカ
1074,カシヤージュ
1075,カシュカ
1076,カシラ
1077,カジュアル 134
1078,カスタニエール
1079,カスタネ
1080,カスタマーズ オウン プロパティ
1081,カスタム
1082,カスタムカルチャー
1083,カステルバジャック
1084,カストロ スミス
1085,カスリ
1086,カズオカワサキ
1087,カズキ ナガヤマ
1088,カズユキ クマガイ
1089,カチム
1090,カットワース
1091,カッパ
1092,カテリーナ ルッキ
1093,カディ アンド コー
1094,カトラーアンドグロス
1095,カトリーネ ハメル
1096,カトルナフ
1097,カトー
1098,カドー
1099,カナタ
1100,カナダグース
1101,カナディアンセーター
1102,カナリ
1103,カナーリ
1104,カネボウ
1105,カノーブル
1106,カバーマーク
1107,カビアーレ
1108,カピエ
1109,カファレル
1110,カフェコムサ
1111,カフス
1112,カプリシュレマージュ
1113,カミエラ
1114,カミオリ カオリ
1115,カミカゼアタック
1116,カミシマチナミ
1117,カミラフカ
1118,カミリ
1119,カミーユ・フォルネ
1120,カミーラ スコフガード
1121,カムズアンドゴーズ
1122,カムロ
1123,カメオ コレクティブ
1124,カランダッシュ
1125,カラー
1126,カラー バイ ローランド ベリー
1127,カリアング
1128,カリマー
1129,カルソン
1130,カルツェドニア
1131,カルティエ
1132,カルティーナ
1133,カルディナーレ
1134,カルトゥージア
1135,カルネ
1136,カルネボレンテ
1137,カルバン クライン
1138,カルフ
1139,カルペ ディエム
1140,カルマンソロジー
1141,カルミナ
1142,カルミナ カンプス
1143,カルメン マルチ
1144,カルロタ ジョアキナ
1145,カルロッタ レイ
1146,カルヴェン
1147,カレ
1148,カレ ジュエリー
1149,カレラ
1150,カレン ノーブレス オブリージュ
1151,カレンウォーカー
1152,カレントエリオット
1153,カロリナグレイサー
1154,カワラ バイ マサヨシヤマモト
1155,カンゴール
1156,カンサイヤマモト
1157,カンティーニ
1158,カンパノラ
1159,カンペール
1160,カンポマッジ
1161,カーキ
1162,カーサフライン
1163,カースティーン・スチュワート
1164,カート
1165,カーニー
1166,カーハート
1167,カーライフ
1168,カーリー
1169,カール F. ブヘラ
1170,カール ラガーフェルド
1171,カールドノヒュー
1172,ガイジンメイド
1173,ガカモレ
1174,ガガ ミラノ
1175,ガサ
1176,ガジアーノ＆ガーリング
1177,ガス
1178,ガストラ
1179,ガソリングラマー
1180,ガッツダイナマイトキャバレーズ
1181,ガット リモン
1182,ガブリエラ コール ガーメンツ
1183,ガブリエレ コランジェロ
1184,ガボラトリー
1185,ガラ
1186,ガラアーベント
1187,ガリャルダガランテ
1188,ガルニ
1189,ガレス ピュー
1190,ガレリアント
1191,ガレージ.U.W
1192,ガンジー ウーレンズ
1193,ガント
1194,ガーデム
1195,ガーデル
1196,ガーデン オブ エデン
1197,ガーメント リプロダクション オブ ワーカース
1198,キアラ・フェラーニ
1199,キイロ
1200,キウ
1201,キクス ドキュメント.
1202,キコ コスタディノフ
1203,キジマタカユキ
1204,キス
1205,キス(コスメ)
1206,キッカ
1207,キッカーズ
1208,キックスティーワイオー
1209,キッズ ラブ ゲイト
1210,キットソン
1211,キッフェ
1212,キディル
1213,キネティクス
1214,キノ
1215,キノエ
1216,キプリス
1217,キプリング
1218,キミノリ モリシタ
1219,キム ジョーンズ
1220,キモノ バイ ナデシコ
1221,キャサリン ハムネット
1222,キャサリン マランドリーノ
1223,キャサリン マヴリディス
1224,キャサリン ミッシェル
1225,キャシャレル
1226,キャシージェーン
1227,キャス キッドソン
1228,キャスト:
1229,キャストオブバイスィズ
1230,キャセリーニ
1231,キャッツ ブラザーズ
1232,キャット コピー
1233,キャット マコーニー
1234,キャビンゼロ
1235,キャピタル
1236,キャブゼロゼロゼロ
1237,キャプテン サンシャイン
1238,キャラアクセサリーズ
1239,キャリー
1240,キャル オー ライン
1241,キャロウェイ
1242,キャロライン コンスタス
1243,キャロライン チャールズ
1244,キャロリーナ ヘレラ
1245,キャロリーナリッツ
1246,キャロル クリスチャン ポエル
1247,キャン ペプレイ
1248,キャンツー
1249,キャンディストリッパー
1250,キャンディタイム
1251,キャントンオーバーオールズ
1252,キャンバー
1253,キャンメイク
1254,キュレイテッド バイ エック ソンプラサート
1255,キュー
1256,キューエル マンションメーカー
1257,キューティーブロンド
1258,キューブシュガー
1259,キューブリック
1260,キューポット
1261,キューン
1262,キョウコ　ヒガ
1263,キョウジマルヤマ
1264,キラ
1265,キリュウキリュウ
1266,キリン バイ ペギー グー
1267,キル フェ ボン
1268,キルガー
1269,キルキール
1270,キロフ
1271,キワンダ
1272,キン
1273,キンギーズ
1274,キンダー
1275,キース
1276,キート
1277,キートン
1278,キールズ
1279,キーン
1280,ギ ラロッシュ
1281,ギットマンブラザーズ
1282,ギミーファイブ
1283,ギャクソウ
1284,ギャスパー ユルケヴィッチ
1285,ギャスパーヘックス
1286,ギャップ
1287,ギャバジンK.T
1288,ギャミヌリィ
1289,ギャラクシー
1290,ギャラリー1950
1291,ギャルソンシノワ
1292,ギャルリー・ヴィー
1293,ギャレゴ デスポート
1294,ギャレリー
1295,ギュパール
1296,ギョーム ルミエール
1297,ギル
1298,ギルダン
1299,ギルデット エイジ
1300,ギルド
1301,ギルドプライム
1302,ギーブス＆ホークス
1303,クイックシルバー
1304,クイルプ
1305,クイーンアンドベル
1306,クイーンズコート
1307,クウォドゥア・エラク
1308,クエンチラウド
1309,クオリティーピープルズ
1310,クオン
1311,クジャク
1312,クスカ
1313,クスクス
1314,クセニア シュナイダー
1315,クチャ
1316,クナイプ
1317,クボラム
1318,クライ.
1319,クライミー
1320,クラウス ポルト
1321,クラウストルム
1322,クラウディア リー
1323,クラウディスーパースター
1324,クラクト
1325,クラス
1326,クラス14
1327,クラスト
1328,クラネ
1329,クラフト スタンダード ブティック
1330,クラムシェル
1331,クラランス
1332,クラン プリュス
1333,クラークス
1334,クラーピアス
1335,クリア
1336,クリアインプレッション
1337,クリオロ
1338,クリス ソニック
1339,クリスタセヤ
1340,クリスタルボール
1341,クリスチャン ウェストファール
1342,クリスチャン ポー
1343,クリスチャン ラクロワ
1344,クリスチャン ルブタン
1345,クリスチャン ロス
1346,クリスチャン ワイナンツ
1347,クリスチャンオジャール
1348,クリスチャンダダ
1349,クリスチャンバウアー
1350,クリスティアーノ ブラーニ
1351,クリスティーナ オルティス
1352,クリスティーナ ティ
1353,クリスティーヌ・リスポリ
1354,クリステンセン ドゥ ノルド
1355,クリストフ コパン
1356,クリストフ ストロジナ
1357,クリストフ ルメール
1358,クリストファー ケイン
1359,クリストファー シャノン
1360,クリストファー ネメス
1361,クリストファー ベイリー
1362,クリストファーレイバーン
1363,クリスプ
1364,クリスヴァンアッシュ
1365,クリツィア
1366,クリニーク
1367,クリーチャーズ オブ ザ ウィンド
1368,クリード
1369,クリーナ
1370,クリーブランド
1371,クリームソーダ
1372,クリーン
1373,クルチアーニ
1374,クルニ
1375,クルー
1376,クルース
1377,クルーチェアンドコー
1378,クルーナ
1379,クルーン ア ソング
1380,クレア マッカーデル
1381,クレア ワイト ケラー
1382,クレアバロー
1383,クレアーズ
1384,クレイグ グリーン
1385,クレイグ ローレンス
1386,クレイジーピッグ
1387,クレイトン フランクリン
1388,クレストブリッジ
1389,クレセントダウンワークス
1390,クレドール
1391,クレプスキュール
1392,クレメンツ リベイロ
1393,クレ・ド・ポー ボーテ
1394,クレージュ
1395,クレール ビビエ
1396,クロ
1397,クロエ
1398,クロエ ストラ
1399,クロケット＆ジョーンズ
1400,クロスサージョン
1401,クロスリー
1402,クロックス
1403,クロムハーツ
1404,クローク
1405,クローディ ピエルロ
1406,クロード モンタナ
1407,クローム
1408,クワギ
1409,クワトロボタニコ
1410,クワンペン
1411,クヴォン・デ・ミニム
1412,クーカイ
1413,クーティー
1414,クード シャンス
1415,クードス
1416,クール
1417,グイディ
1418,グエルマスタード
1419,グタール
1420,グッチ
1421,グッド シング
1422,グッドイナフ
1423,グッドオル
1424,グッドストゥディオス
1425,グドュルングドュルン
1426,グミ
1427,グラシア
1428,グラスヒュッテ オリジナル
1429,グラズ
1430,グラソン
1431,グラッシェル
1432,グラニフ
1433,グラビス
1434,グラフィックプラスチック
1435,グラフペーパー
1436,グラブインハリウッド
1437,グラミチ
1438,グラム
1439,グランシャツ
1440,グランジェ
1441,グランマ ママ ドーター
1442,グランマティック
1443,グリ
1444,グリサール
1445,グリフィン
1446,グリンネス ビー
1447,グリードインターナショナル
1448,グリーン
1449,グリーン パークス
1450,グリーン ビーン トゥ バー チョコレート
1451,グリーンゲート
1452,グリーンレーベルリラクシング
1453,グルメ
1454,グルーピー
1455,グレエム ブラック
1456,グレゴリー
1457,グレッチェン
1458,グレンソン
1459,グレンロイヤル
1460,グレースコンチネンタル
1461,グレートフロッグ
1462,グロウン＆ソーン
1463,グロックレザー
1464,グローイング ペインズ
1465,グローバルワーク
1466,グローバーオール
1467,グローブ
1468,グローブス
1469,グローブ・トロッター
1470,グーコミューン
1471,グースィー
1472,グーセンス パリ
1473,グーダル
1474,ケイ ムラカミ
1475,ケイイチロウセンス
1476,ケイシーケイシー
1477,ケイスケ カンダ
1478,ケイスケヨシダ
1479,ケイスリー ヘイフォード
1480,ケイスリーアンドコー
1481,ケイタ マルヤマ
1482,ケイティ
1483,ケイティ アーリー
1484,ケイト
1485,ケイト・スペード サタデー
1486,ケイト・スペード ニューヨーク
1487,ケサランパサラン
1488,ケスティンエア
1489,ケネス コール
1490,ケネスジェイレーン
1491,ケネディ デニム
1492,ケムリ
1493,ケモノ
1494,ケリング
1495,ケルティ
1496,ケルト＆コブラ
1497,ケレクロージング
1498,ケレン
1499,ケンジ アマダナ
1500,ケンジ イケダ
1501,ケンジヒキノ
1502,ケンセイ マツオ
1503,ケンゾー
1504,ケンネル＆シュメンガー
1505,ケーウェイ
1506,ケースイス
1507,ケースシナリオ
1508,ケースリー
1509,ケーティー キヨコタカセ
1510,ケーティーゼット
1511,ケービーエフ
1512,ケープハイツ
1513,ゲス
1514,ゲラルディーニ
1515,ゲラン
1516,ゲンテン
1517,ゲーエムベーハー
1518,コアジュエルス
1519,コアファイター
1520,コイガールマジック
1521,コイノブヒデ
1522,コウザブロウ
1523,コウシン サトウ
1524,コエ
1525,コエット
1526,コキナ
1527,コキュ
1528,ココシュニック
1529,ココディール
1530,ココブキ
1531,コシェ
1532,コシュ
1533,コシラエル
1534,コス
1535,コスタ ボダ
1536,コスタス ムルクディス
1537,コスチューム
1538,コスチューム ナショナル
1539,コスメキッチン
1540,コスメデコルテ
1541,コズミックワンダー
1542,コック
1543,コットワイラー
1544,コティ
1545,コディ サンダーソン
1546,コディナ
1547,コトゥー
1548,コトナ
1549,コトハヨコザワ
1550,コトリカ
1551,コニカル
1552,コニー・フルーネヴェーフェン
1553,コネクターズ
1554,コノリー
1555,コフレドール
1556,コプカアクセサリーズ
1557,コミュニティ
1558,コミューン ドゥ パリ
1559,コム デ ギャルソン
1560,コムサ
1561,コムサイズム
1562,コムサコミューン
1563,コム・アーチ
1564,コムーン
1565,コメダ珈琲店
1566,コメラリア
1567,コモノ
1568,コモリ
1569,コモン スウェーデン
1570,コモンスコード
1571,コヨーテ ニグロ
1572,コラ・グロッポ
1573,コラード デ バイアス
1574,コリー ニールセン
1575,コリーニ ミラノ 1937
1576,コルシネラベドリ
1577,コルテ
1578,コルテスワークス
1579,コルテッセ
1580,コルディア
1581,コルトモルテド
1582,コルネリアーニ
1583,コルポノーヴェ
1584,コルム
1585,コレクション プリヴェ
1586,コレス ナチュラル プロダクト
1587,コレット ディニガン
1588,コレットマルーフ
1589,コレニモ
1590,コロナ
1591,コロンビアスポーツウェア
1592,コンクエスト
1593,コンコルド
1594,コンティ
1595,コンテス
1596,コントワー・デ・コトニエ
1597,コンバース
1598,コンパーテス
1599,コンプリートフィネス
1600,コンプレット
1601,コーエン
1602,コージ タツノ
1603,コージアトリエ
1604,コーズ
1605,コーダル
1606,コーチ
1607,コート
1608,コートメール
1609,コート・エ・シエル
1610,コードナンバーエイト
1611,コーネリアン タウラス バイ ダイスケ イワナガ
1612,コーヘン
1613,コーポラティブ デザインズ
1614,コーマ
1615,コーラル アンド タスク
1616,コール
1617,コール ハーン
1618,コールブラック
1619,コールマン
1620,ゴウク
1621,ゴジュウニ バイ ヒカルマツムラ
1622,ゴッドサイズ
1623,ゴディバ
1624,ゴビ
1625,ゴフレ
1626,ゴム
1627,ゴヤール
1628,ゴローズ
1629,ゴーシャ ラブチンスキー
1630,ゴースト
1631,ゴーヘンプ
1632,ゴールデン グース デラックス ブランド
1633,ゴールデングース
1634,ゴールデンベア
1635,ゴールデンレーン
1636,ゴールドウイン
1637,ゴールドサイン
1638,ゴールドファイル
1639,ゴーレム
1640,サイ
1641,サイエンティフィック
1642,サイコバニー
1643,サイト
1644,サイドスロープ
1645,サイファー
1646,サイファーコード
1647,サイマン トゥ
1648,サイモン カーター
1649,サイラス
1650,サイル マーシャル
1651,サウザンドリーヴス
1652,サウス2 ウエスト8
1653,サカイ
1654,サカヨリ
1655,サガン・ヴィエンナ
1656,サキャスティック
1657,サクラ
1658,ササフラス
1659,サザビー
1660,サスクワァッチファブリックス
1661,サス＆バイド
1662,サソ＆ブルー
1663,サタデーズ ニューヨークシティ
1664,サダム テイシー
1665,サチオ カワサキ
1666,サッカニー
1667,サックス
1668,サップ
1669,サティスファクション ギャランティード
1670,サトコ オザワ
1671,サトミ カワキタ
1672,サトルタナカ
1673,サニースポーツ
1674,サノバチーズ
1675,サハニ
1676,サバイ
1677,サバナラゲージワークス
1678,サバース
1679,サフィシェント
1680,サブウェア
1681,サブサエティ
1682,サブトラクト
1683,サブロク
1684,サベージ
1685,サボン
1686,サポートサーフェス
1687,サマ アイウェア
1688,サマンサ トレーシー
1689,サマンサタバサ
1690,サマンサモスモス
1691,サムイ
1692,サムシング エルス
1693,サムソナイト
1694,サムドラ
1695,サムラフ
1696,サヤカ デイヴィス
1697,サラ バッタリア
1698,サラ ピンクマン ニューヨーク
1699,サラバ
1700,サラミラーロンドン
1701,サラ・バートン
1702,サラ＆ブレッド
1703,サリ ゲロン
1704,サリー スコット
1705,サルトリア・ラトーレ
1706,サルトル
1707,サルバム
1708,サルヴァトーレ ピッコロ
1709,サルヴァトーレ フェラガモ
1710,サレット
1711,サロット
1712,サロモン
1713,サロン
1714,サロン ド バルコニー
1715,サワ タカイ
1716,サンガイ
1717,サンクリスピン
1718,サンサーフ
1719,サンシー
1720,サンスペル
1721,サンズ シガー ビートル
1722,サンタスティック
1723,サンタモニカ(ショップ)
1724,サンタ・マリア・ノヴェッラ
1725,サンダスト
1726,サンダース
1727,サンディ ダラル
1728,サンデー ガニム
1729,サンデー21
1730,サントーニ
1731,サンド バイ サヤ ニューヨーク
1732,サンドベリ
1733,サンノム
1734,サンバティ
1735,サンヒデアキミハラ
1736,サンヨーコート
1737,サヴィー
1738,サー トム ベイカー
1739,サークルバイツ
1740,サージ
1741,サージュデクレ
1742,サーティーンデザインズ
1743,サート
1744,サード フロア ニューヨーク
1745,サードストーリー
1746,サーフェイストゥエアー
1747,ザ エイチダブリュウ ドッグアンドコー
1748,ザ オフィス オブ アンジェラ スコット
1749,ザ サカキ
1750,ザ サリバンズ
1751,ザ サード
1752,ザ ショップ ティーケー
1753,ザ シークレットクロゼット
1754,ザ ジェネリック マン
1755,ザ ジジ
1756,ザ スタイリスト ジャパン
1757,ザ ダファー オブ セントジョージ
1758,ザ ダラス
1759,ザ テスト
1760,ザ デイズ トウキョウ
1761,ザ トゥエンティセブン
1762,ザ ドウターズ
1763,ザ ドレス アンド コー ヒデアキ サカグチ
1764,ザ ナーディーズ
1765,ザ ヌメロ
1766,ザ ハードマン
1767,ザ ヒノキ
1768,ザ ファクトリー
1769,ザ フール
1770,ザ リアルマッコイズ
1771,ザ ヴィリディアン
1772,ザアトラクトマン
1773,ザック ポーゼン
1774,ザッチェルズ
1775,ザッツ
1776,ザディグ エ ヴォルテール
1777,ザニーザンパ
1778,ザネラート
1779,ザノーネ
1780,ザバッティーリ
1781,ザビエル デルクール
1782,ザラ
1783,ザリアーニ
1784,ザンター
1785,ザンドラ ローズ
1786,ザ・ギンザ
1787,ザ・クラシック
1788,ザ・クロックハウス
1789,ザ・ケイジ
1790,ザ・サリィ
1791,ザ・シュー サージョン
1792,ザ・スコッチハウス
1793,ザ・チノ リヴァイブド
1794,ザ・ディレッタント
1795,ザ・トゥエルヴ
1796,ザ・ニューオリジナルズ
1797,ザ・ノース・フェイス
1798,ザ・フォーネス
1799,ザ・プール アオヤマ
1800,ザ・ホワイト・ブリーフス
1801,ザ・ボウスノッブ
1802,ザ・ボディショップ
1803,ザ・ヤード
1804,ザ・ユニオン
1805,ザ・ランドレス
1806,ザ・リバー
1807,ザ・リラクス
1808,ザ・ロウ
1809,ザ・ワンダーラスト
1810,シアターエイト
1811,シアタープロダクツ
1812,シアテ・ロンドン
1813,シェアースピリット
1814,シェイナー
1815,シェトワ
1816,シェラック
1817,シェリー
1818,シェリー ラ ファム
1819,シェル
1820,シェルター
1821,シェレヴィッキオヴィッキ
1822,シェロー
1823,シエスタ・ポー
1824,シエラ レオン
1825,シエラデザインズ
1826,シカタ
1827,シガ
1828,シガーソン モリソン
1829,シキ イム
1830,シキア
1831,シクラス
1832,シシ
1833,システレ
1834,シスレー
1835,シスレー(コスメ)
1836,シセ
1837,シセイ
1838,シダ タツヤ
1839,シチズン
1840,シチズンズ・オブ・ヒューマニティ
1841,シックス バイ ワン コペンハーゲン
1842,シックスティーナイン
1843,シックスディー セバスチャンマスダ
1844,シックスパック フランス
1845,シップス
1846,シティ
1847,シトラス
1848,シトラスノーツ
1849,シドニー・ブラウン
1850,シナ スイエン
1851,シネクァノン
1852,シハラ
1853,シビズム
1854,シビラ
1855,シビラ パベンステッド
1856,シフリー
1857,シブリング
1858,シプリー＆ハルモス
1859,シマロン
1860,シメオン ファラー
1861,シモン
1862,シモン カミール
1863,シモーネ ロシャ
1864,シャ
1865,シャイノラ・デトロイト
1866,シャカ
1867,シャコック
1868,シャッツィ・チェン
1869,シャネル
1870,シャペル
1871,シャボー
1872,シャポン
1873,シャムズ
1874,シャリーフ
1875,シャルベ
1876,シャルル アナスタス
1877,シャルル シャトン
1878,シャルル ジョルダン
1879,シャルル フレデリック ウォルト
1880,シャルロ
1881,シャルロット シェネ
1882,シャロン ワコブ
1883,シャンティ
1884,シャンテカイユ
1885,シャンテクレール
1886,シャンバラ
1887,シャンボール セリエ
1888,シャーリーテンプル
1889,シャーロット オリンピア
1890,シャーロット ロンソン
1891,シュウ ウエムラ
1892,シュウッド
1893,シュカ
1894,シュガリズム
1895,シュガーケーン
1896,シュガーヒル
1897,シュシュ/トング
1898,シュタイフ
1899,シュタイン
1900,シュット！インティメイツ
1901,シュプリーム
1902,シュルーク
1903,シュロン
1904,シュワイプ
1905,シュン オークボ
1906,シューズ ライク ポタリー
1907,シュープ
1908,シュープリーム・ララ
1909,ショット
1910,ショッフェル
1911,ショパール
1912,ショーヘイ
1913,ショーメ
1914,ショーン サムソン
1915,ショーン リーン
1916,シラージ
1917,シリ シリ
1918,シリーグッド
1919,シルバノ マッツァ
1920,シロ
1921,シロマ
1922,シワ
1923,シン
1924,シンイチロウ アラカワ
1925,シンクロ クロッシングズ
1926,シンシア ローリー
1927,シンズスカルプチャー
1928,シンゾーン
1929,シンディー
1930,シンパシーオブソウル
1931,シンパシー・オブ・ソウル
1932,シンプソン ロンドン
1933,シンプルライフ
1934,シンヤ コヅカ
1935,シンヤノモト
1936,シンヤヤマグチ
1937,シヴァ
1938,シヴィライズド
1939,シー
1940,シー ニューヨーク
1941,シーイー
1942,シーエスエル
1943,シーエヌエルゼット
1944,シーエヌピーラボラトリー
1945,シーグリーン
1946,シースウェイサティエイト
1947,シーダブリュー・エックス
1948,シートーキョー
1949,シーナリー
1950,シーバ
1951,シーバイクロエ
1952,シービーズ
1953,シーブイシー ストーンズ
1954,シーム
1955,シール トゥルードン
1956,シーロン
1957,シー・エー・ディー
1958,ジ エルダー ステイツマン
1959,ジェイ サバティーノ
1960,ジェイ ダブリュー アンダーソン
1961,ジェイ ブランド
1962,ジェイ&エム デヴィッドソン
1963,ジェイアンドアール
1964,ジェイアンドカンパニー
1965,ジェイエヌビーワイ
1966,ジェイエムウエストン
1967,ジェイジェイマーサー
1968,ジェイソン ウー
1969,ジェイダ
1970,ジェイド
1971,ジェイプレス
1972,ジェナ・テオ
1973,ジェニファー・ベア
1974,ジェニー
1975,ジェニー ファックス
1976,ジェネ パー ユキオ ミシバ
1977,ジェネラルリサーチ
1978,ジェネリック サープラス
1979,ジェネリック センス
1980,ジェフリー ビーン
1981,ジェフリーキャンベル
1982,ジェム セッションズ
1983,ジェム・キングダム
1984,ジェラルド ジェンタ
1985,ジェラート ピケ
1986,ジェラールダレル
1987,ジェリー
1988,ジェリービーンズ
1989,ジェルバゾーニ
1990,ジェレミー スコット
1991,ジェローム ドレフュス
1992,ジェローム・C・ルソー
1993,ジェンカオ
1994,ジェーエスビー
1995,ジェームス パース
1996,ジェームス ロック ＆ カンパニー ハッターズ
1997,ジェームス ロング
1998,ジェームス・モルティマー
1999,ジェームズ・テイラー＆サン
2000,ジェーン スミス
2001,ジェーンマープル
2002,ジエダ
2003,ジグソー
2004,ジグラ
2005,ジグリーロイ
2006,ジゴロウ
2007,ジネス
2008,ジバンシィ
2009,ジプシーアンドサンズ
2010,ジミー チュウ
2011,ジャイルズ
2012,ジャイロ
2013,ジャガー ルクルト
2014,ジャクソンマティス
2015,ジャケ・ドロー
2016,ジャスエムビー
2017,ジャスグリッティー
2018,ジャスティン デイビス
2019,ジャスト カヴァリ
2020,ジャスパー コンラン
2021,ジャズカッツェ
2022,ジャック ドゥーセ
2023,ジャック ヘンリー
2024,ジャック マルソー
2025,ジャック ラッセル メルティエール
2026,ジャックムス
2027,ジャック・スペード
2028,ジャック・マリー・マージュ
2029,ジャック・ル・コー
2030,ジャネット コリン
2031,ジャパンブルージーンズ
2032,ジャブス アルキヴィオ
2033,ジャポニスム
2034,ジャマ リコ
2035,ジャマン・ピュエッシュ
2036,ジャムホームメイド
2037,ジャン コロナ
2038,ジャン=ポール・エヴァン
2039,ジャンクデラックス
2040,ジャンクフード クロージング
2041,ジャンスポーツ
2042,ジャンティバンティ
2043,ジャンニバルバート
2044,ジャンニ・ロ・ジュディチェ
2045,ジャンバティスタ ヴァリ
2046,ジャンフランコ フェレ
2047,ジャンフランコ ボメザドリ
2048,ジャンポールノット
2049,ジャンポール・ゴルチエ
2050,ジャンマアッカウォモ
2051,ジャンリシャール
2052,ジャンルイ シェレル
2053,ジャンヴィト ロッシ
2054,ジャン・ルソー
2055,ジャン＝ピエール ブラガンザ
2056,ジャージスト
2057,ジャーナルスタンダード
2058,ジャーム
2059,ジュエッテ
2060,ジュエティ
2061,ジュエリー京都
2062,ジュエルナ ローズ
2063,ジュコ
2064,ジュスティーヌ・クランケ
2065,ジュストカンパーニュ
2066,ジュゼッペ ザノッティ
2067,ジュティク
2068,ジュヌヴィエーヴ
2069,ジュピター
2070,ジュリアン デイヴィッド
2071,ジュリアン ヘイクス
2072,ジュリアン マクドナルド
2073,ジュリアーノ フジワラ
2074,ジュリアーノ マッツォーリ
2075,ジュリエ
2076,ジュリー サンドラゥ
2077,ジュリーク
2078,ジュレーム
2079,ジュン アシダ
2080,ジュン アンド ロペ
2081,ジュンオカモト
2082,ジュンコ コシノ
2083,ジュンコ シマダ
2084,ジュンハシモト
2085,ジュンメン
2086,ジュンヤ タシロ
2087,ジュンヤ ワタナベ・コム デ ギャルソン
2088,ジュン・ジー
2089,ジュヴェナイル ホール ロールコール
2090,ジューシー クチュール
2091,ジュール クチュール
2092,ジョアンナ ホー
2093,ジョイアス
2094,ジョイリッチ
2095,ジョイントラスト
2096,ジョイントワークス
2097,ジョウタロウ サイトウ
2098,ジョシュアエリス
2099,ジョシュア・サンダース
2100,ジョセップ アブリル
2101,ジョセフ フォント
2102,ジョゼフ
2103,ジョナサン サンダース
2104,ジョニー モーク
2105,ジョノフィ
2106,ジョリ
2107,ジョルジオ アルマーニ
2108,ジョルジオ ブラット
2109,ジョルジュ レッシュ
2110,ジョルネ
2111,ジョン エリオット
2112,ジョン ガリアーノ
2113,ジョン スメドレー
2114,ジョン ハーディー
2115,ジョン バルベイトス
2116,ジョン バートレット
2117,ジョン ムーア
2118,ジョン メイソン スミス
2119,ジョン リッチモンド
2120,ジョン リベ
2121,ジョン ロシャ
2122,ジョン ローレンス サリバン
2123,ジョンストンズ
2124,ジョンズバイジョニー
2125,ジョンソンモータース
2126,ジョンブル
2127,ジョンマスターオーガニック
2128,ジョンロブ
2129,ジョヴォヴィッチ ホーク
2130,ジョー ゴードン
2131,ジョー マローン ロンドン
2132,ジョージ クレバリー
2133,ジョージ ジェンセン
2134,ジョージアラブ
2135,ジョージコジマ
2136,ジョージコックス
2137,ジョーズ
2138,ジラフ
2139,ジラール ペルゴ
2140,ジル by ジルスチュアート
2141,ジル サンダー
2142,ジル ロズィエ
2143,ジルスチュアート
2144,ジレ
2145,ジン
2146,ジン カトウ
2147,ジンジャーエール
2148,ジンズ
2149,ジ・エンポリアム
2150,ジー ゼニア
2151,ジーアール・ユニフォーマ
2152,ジーエルシーオー
2153,ジーエルハート
2154,ジーショック
2155,ジーシーディーエス
2156,ジースター ロゥ
2157,ジーティーアー
2158,ジーディーシー
2159,ジーナ トリコット
2160,ジーナシス
2161,ジービー
2162,ジーユー
2163,ジーンジニーアンドハングリーフリークス、ダディ
2164,ジーヴィージーヴィー
2165,ジー・エイチ・バス
2166,スイコック
2167,スイサイ ビューティクリア
2168,スイスミリタリー・ハノワ
2169,スイムズ
2170,スイート ピー
2171,スウィングル
2172,スウェア
2173,スウォッシュ ロンドン
2174,スウォッチ
2175,スエサダ
2176,スカルゴーン
2177,スカルジーンズ
2178,スカンディナヴィアン・エディション
2179,スカーゲン
2180,スキャナー
2181,スキャパ
2182,スキン
2183,スキンビル
2184,スキンフード
2185,スクルトゥナ
2186,スクーカム
2187,スケッチャーズ
2188,スコッチ & ソーダ
2189,スコッチグレイン
2190,スコットアンドチャーターズ
2191,スザナ トラサ
2192,ススリ
2193,スズ
2194,スズキ タカユキ
2195,スタイルクラフト
2196,スタイルナンダ
2197,スタジオ セブン
2198,スタジオ ニコルソン
2199,スタッカート
2200,スタッドベイカーメタル
2201,スタディオクリップ
2202,スタニングルアー
2203,スタビライザー ジーンズ
2204,スタルク アイズ
2205,スタンス
2206,スタンダードカリフォルニア
2207,スタンプド
2208,スタンリーゲス
2209,スタージュエリー
2210,スタースタイリング
2211,スターター
2212,スターチス
2213,スターナイツ
2214,スターバックス
2215,スターリンギア
2216,スチュアート・ワイツマン
2217,スチュアート・ヴィヴァース
2218,スチュワート ストックデイル
2219,スック
2220,ステア
2221,スティッフ
2222,スティル バイ ハンド
2223,スティーブ モノ
2224,スティーブン アラン
2225,スティーブン ジョーンズ
2226,スティーブン デュエック
2227,スティーブンソンオーバーオール
2228,スティーブ・マデン
2229,スティーム アンド スレッド
2230,スティールクラフト
2231,スティーヴン タック
2232,ステイアー
2233,ステイシー
2234,ステファノ ベーメル
2235,ステファノ ポレッティ
2236,ステファノマーノ
2237,ステファン クック
2238,ステファン シュナイダー
2239,ステファン ローラン
2240,ステファン ヴェルディーノ
2241,ステフィー クリスティアンス
2242,ステュディオ ダ ルチザン
2243,ステュディオス
2244,ステューシー
2245,ステラ ジーン
2246,ステラ マッカートニー
2247,ステート オブ エスケープ
2248,ストゥッテルハイム
2249,ストップ ザ ウォーター ホワイル ユージング ミー!
2250,ストップライト
2251,ストフ
2252,ストラスブルゴ
2253,ストラスベリー
2254,ストラット クチュール
2255,ストラディバリウス
2256,ストラマ
2257,ストラムアディクト
2258,ストル
2259,ストレッチフライス
2260,ストレルソン
2261,ストロベリーフィールズ
2262,ストール
2263,ストーレン ガールフレンズ クラブ
2264,ストーレンリッチーズ
2265,ストーンアイランド
2266,スナイデル
2267,スナオクワハラ
2268,スナッグパック
2269,スニュウ
2270,スノーピーク
2271,スパイカーズ アン スパイカーズ
2272,スパイダー
2273,スパイラルガール
2274,スパセイロン
2275,スビ
2276,スピカ
2277,スピック＆スパン
2278,スピモ
2279,スピワック
2280,スピングルムーヴ
2281,スプリングコート
2282,スプリーカラー
2283,スプロールズ
2284,スペクタクル
2285,スペクタス
2286,スペリー トップサイダー
2287,スペルガ
2288,スペルタ
2289,スペルバウンド
2290,スポークン ワーズ プロジェクト
2291,スポーツマックス
2292,スポーティフ
2293,スマイソン
2294,スマッキーグラム
2295,スマック エンジニア
2296,スマディ
2297,スマートピンク
2298,スミス＆ハーディー
2299,スムースデイ
2300,スモーク
2301,スモーク アンド ミラーズ
2302,スライ
2303,スラック
2304,スラッシャー
2305,スラドキー
2306,スラントワイズ
2307,スリック
2308,スリュー
2309,スリヴァー
2310,スリー
2311,スリー ブラインド マイス
2312,スリーアズフォー
2313,スリーシックスティーン
2314,スリードッツ
2315,スリーピー・ジョーンズ
2316,スレトシス
2317,スロウ
2318,スロウガン
2319,スロー ウエア ライオン
2320,スワッガー
2321,スワロフスキー
2322,スワンキー
2323,スワンク
2324,スンネイ
2325,スーク
2326,スーザン・アレクサンドラ
2327,スージーグラム
2328,スーナウーナ
2329,スーパー バイ レトロスーパーフューチャー
2330,スーパーサンクス
2331,スーパーノヴァ
2332,スーパーハッカ
2333,スーパーファイン
2334,スーパーラヴァーズ
2335,スープ
2336,スープラ
2337,ズッカ
2338,ズフィ アレキサンダー
2339,セイ
2340,セイゲキ
2341,セイコタキ
2342,セイコー
2343,セイバー
2344,セイヴソン
2345,セオリー
2346,セカンド ラブ
2347,セクスプリメ
2348,セザンヌ
2349,セシオセラ
2350,セシルマクビー
2351,セシル・エ・ジャンヌ
2352,セストラ モジャ
2353,セズィール
2354,セタイチロウ
2355,セット
2356,セドリック シャルリエ
2357,セドリック ジャックミン
2358,セブン バイ セブン
2359,セブンティーフォー
2360,セブンフォーオールマンカインド
2361,セモー
2362,セラピアン
2363,セリマ オプティーク
2364,セリーヌ
2365,セリー・デ・フレール
2366,セルジオ タッキーニ
2367,セルジオ ロッシ
2368,セルジュ・トラヴァル
2369,セルジュ・ルタンス
2370,セルッティ
2371,セルティックアーツ
2372,セルフ メイド バイ ジャンフランコ ヴィレガス
2373,セルフォンテーヌ
2374,セルフォード
2375,セルヴィッジ
2376,セルヴォーク
2377,セレナテラ
2378,セロ
2379,センサイ
2380,センスオブプレイス バイ アーバンリサーチ
2381,センソ・ディフュージョン
2382,セント マイケル
2383,セントジェームス
2384,セントリペタル フォース
2385,セントル ザ・ベーカリー
2386,センブル
2387,セヴシグ
2388,セーブマイバッグ
2389,ゼスケープ
2390,ゼチア
2391,ゼットディーエー
2392,ゼニス
2393,ゼプテピ
2394,ゼロゼロヨンヨン パリ
2395,ゼロハリバートン
2396,ソウシ オオツキ
2397,ソウライブ
2398,ソウル オブ フリーダム！
2399,ソウルランド
2400,ソストレーネ グレーネ
2401,ソニア リキエル
2402,ソフィ ビレ ブラーエ
2403,ソフィア ココサラキ
2404,ソフィア・ウェブスター
2405,ソフィラ
2406,ソフィー ヒュルム
2407,ソフィードール
2408,ソフィーナ iP
2409,ソフィーナ プリマヴィスタ
2410,ソフトマシーン
2411,ソフネット
2412,ソマルタ
2413,ソムニウム
2414,ソメット
2415,ソリード
2416,ソルト・アンド・ペッパー
2417,ソルバッティ
2418,ソレル
2419,ソロヴ
2420,ソロヴェアー
2421,ソワサント・シス・ドゥグレ・トラント
2422,ソー ファー
2423,ソーイ
2424,ソーデザイン
2425,ソーノ
2426,ソーワ
2427,ゾイ・リー
2428,ゾッコリ クラシコ
2429,ゾフ
2430,ゾー カーセン
2431,ゾー ジョーダン
2432,ちゃけちょけ
2433,とらや
2434,タア
2435,タイオン
2436,タイシ ノブクニ
2437,タイトル/エー
2438,タイニーダイナソー
2439,タイプ(アイウェア)
2440,タイム ウィル テル
2441,タイム オプティカル
2442,タイメックス
2443,タウ アイ ディール
2444,タウンクラフト
2445,タエ アシダ
2446,タオ コム デ ギャルソン
2447,タカシニシヤマ
2448,タカヒロ カワグチ バイ アトリエターナ
2449,タカヒロミヤシタザソロイスト．
2450,タカヤヒオキ
2451,タキャシ
2452,タクソノミー
2453,タクタク
2454,タクター
2455,タクミ ハタケヤマ
2456,タクーン
2457,タグ・ホイヤー
2458,タケオキクチ
2459,タサキ
2460,タシロ
2461,タスカンズ
2462,タスティング
2463,タタ・クリスティアン
2464,タダシ ショージ
2465,タチアナ・パルフェノワ
2466,タックス
2467,タッチ
2468,タトゥーセーターズ
2469,タトラス
2470,タナーグッズ
2471,タニノクリスチー
2472,タビオ
2473,タピア ロサンゼルス
2474,タマキ フジエ
2475,タマス
2476,タラ ジャーモン
2477,タリアトーレ
2478,タリナ タランティーノ
2479,タリーズコーヒー
2480,タルト
2481,タロウ ホリウチ
2482,タン
2483,タンブゥ
2484,ターク
2485,ターゲット
2486,タージュ
2487,タート オプティカル
2488,ターラ・ブランカ
2489,ターンブル＆アッサー
2490,ターンミーオン
2491,ダイアナ
2492,ダイアモンドドッグス
2493,ダイアン フォン ファステンバーグ
2494,ダイエットブッチャースリムスキン
2495,ダイヤモンドサプライ
2496,ダイリク
2497,ダイワ
2498,ダクテ
2499,ダズリン
2500,ダッキー ブラウン
2501,ダックス
2502,ダナ キャラン
2503,ダナー
2504,ダニエラ&ジェマ
2505,ダニエラ・グレジス
2506,ダニエル スカット
2507,ダニエル ロート
2508,ダニエル・ウェリントン
2509,ダニエル＆ボブ
2510,ダニエレ アレッサンドリー二
2511,ダニジョー
2512,ダブリュピーシー
2513,ダブリューエルジー
2514,ダブル シー
2515,ダブルアイス
2516,ダブルアール
2517,ダブルエックスフォー
2518,ダブルクローゼット
2519,ダブルジェイケイ
2520,ダブルジェイケイダブル
2521,ダブルスタンダードクロージング
2522,ダブルタップス
2523,ダブルハード
2524,ダブレット
2525,ダボラッチ
2526,ダミアーニ
2527,ダミー
2528,ダミーヘッド デペイズメン
2529,ダミール ドマ
2530,ダリ
2531,ダリア
2532,ダリオ
2533,ダリル ケー
2534,ダンスキン
2535,ダントン
2536,ダンヒル
2537,ダヴィット モルソー
2538,ダヴィデルフィン
2539,ダーク ショーンベルガー
2540,ダーク ビッケンバーグ
2541,ダーク ヴァン セーヌ
2542,ダークシャドウ
2543,ダーバン
2544,ダーマロジカ
2545,チェイサー
2546,チェザーレ アットリーニ
2547,チェリーブラウン
2548,チェル ミラス
2549,チェルシーガーヴ
2550,チェンバー
2551,チエ イマイ
2552,チエミハラ
2553,チカ キサダ
2554,チコラータ
2555,チチカカ
2556,チップ＆ペッパー
2557,チヌーク
2558,チノ
2559,チバイ ホワイト
2560,チペワ
2561,チャイルド ウーマン
2562,チャイルドフット
2563,チャオパニック
2564,チャコ
2565,チャコリ
2566,チャップス
2567,チャムス
2568,チャレンジャー
2569,チャンカワイ
2570,チャントアチャーム
2571,チャンピオン
2572,チャンルー
2573,チャーチ
2574,チャームカルト
2575,チャールズ ジェフリー ラバーボーイ
2576,チャールズ ジェームス
2577,チャールズ＆キース
2578,チュチュアンナ
2579,チュース
2580,チューダー
2581,チユキ
2582,チョノ
2583,チルドレン・オブ・ザ・ディスコーダンス
2584,チン メンズウエア
2585,チンクワンタ
2586,チンツィアアライア
2587,チヴィディーニ
2588,チーゴ
2589,チーニー
2590,チープマンデイ
2591,ツァップ
2592,ツイードミル
2593,ツェツェ
2594,ツェハ
2595,ツェーネオン
2596,ツカサミカミ
2597,ツキ
2598,ツボ
2599,ツモリチサト
2600,ツル バイ マリコ オイカワ
2601,ツータックス
2602,ツーディライブ
2603,テ アッシュ デ ラメゾン
2604,テアトラ
2605,ティアラ
2606,ティアンエクート
2607,ティエリー コルソン
2608,ティエリー ラスリー
2609,ティソ
2610,ティッカ
2611,ティッド ウォッチズ
2612,ティティベイト
2613,ティティベイト スキャッティ
2614,ティティー・アンド・コー
2615,ティナ リリエンタール
2616,ティネス
2617,ティビ
2618,ティファニー
2619,ティボー
2620,ティミスター
2621,ティム
2622,ティム キャンピー
2623,ティム コペンズ
2624,ティム ハミルトン
2625,ティム ヴァン スティーンバーゲン
2626,ティモ ウェイランド
2627,ティモシー エベレスト
2628,ティモーネ
2629,ティラマーチ
2630,ティリット
2631,ティルマン ローターバッハ
2632,ティンカーベル
2633,ティンバーランド
2634,ティー
2635,ティー エイチ
2636,ティー ディー
2637,ティー ヤマイ
2638,ティーエスエス
2639,ティーエフダブリューフォーティーナイン
2640,ティーエムティー
2641,ティーエーエス
2642,ティージャケット
2643,ティート トウキョウ
2644,ティーナインティーン
2645,ティーラアース
2646,ティーンエイジミリオネア
2647,ティー・エス・オー・ジー
2648,テイラーデザイン
2649,テオ
2650,テキスト
2651,テシ
2652,テス ギバーソン
2653,テチチ
2654,テックステック
2655,テット・オム
2656,テッド ラピドス
2657,テッドベーカー
2658,テバ
2659,テラ
2660,テラクオーレ
2661,テラソン
2662,テリー・リチャードソン
2663,テルズイット
2664,テンサウザンドシングス
2665,テンダー
2666,テンダーパーソン
2667,テンダーロイン
2668,テンテンバイネンド
2669,テンディープ
2670,テンデンス
2671,テンパリー ロンドン
2672,テンベア
2673,デ ボン ファクチュール
2674,ディアダリア
2675,ディアドラ
2676,ディアブレス
2677,ディアプリンセス
2678,ディウカ
2679,ディエゴ ドルチーニ
2680,ディエゴ ベリーニ
2681,ディオール
2682,ディオール オム
2683,ディガウェル
2684,ディクショナリー
2685,ディスカバード
2686,ディスコード ヨウジヤマモト
2687,ディスセット
2688,ディスボーン
2689,ディセイブ
2690,ディセンシア
2691,ディッキーズ
2692,ディディジジ
2693,ディドゥルディドゥル
2694,ディニテ・コリエ
2695,ディフェデュケーション
2696,ディプティック
2697,ディム マック
2698,ディメーター フレグランス ライブラリー
2699,ディレイ バイ ウィンアンドサンズ
2700,ディヴァイナー
2701,ディヴィナ
2702,ディー ケイ エヌ ワイ
2703,ディーアップ
2704,ディーシー
2705,ディースクエアード
2706,ディーゼル
2707,ディーゼル ブラック ゴールド
2708,ディータ
2709,ディーティーエー
2710,ディーティーティーケー
2711,ディープスウィートイージー
2712,ディーベック
2713,ディールデザイン
2714,ディーワンミラノ
2715,ディー＆ジー
2716,デイシー
2717,デイビット・ユーマン
2718,デイビッド リンドウォール
2719,デイリー
2720,デイリーペーパー
2721,デイヴィッド オーブリー
2722,デイヴィッド ラーナー
2723,デウス エクス マキナ
2724,デコゥ ドゥ ティシュー
2725,デコード
2726,デサント
2727,デザイナーズ リミックス
2728,デザインハウス ストックホルム
2729,デザインワークス
2730,デザーティック
2731,デシグアル
2732,デジャヴュ
2733,デスティン
2734,デズモ
2735,デッツォ
2736,デッドクール
2737,デッドミート
2738,デニム ＆ サプライ ラルフ ローレン
2739,デニムデーモン
2740,デビロック
2741,デフィリアス オム
2742,デフブリード
2743,デプト
2744,デプレ
2745,デボタ＆ロンバ
2746,デボラ スウィーニー
2747,デボラ・リップマン
2748,デミリー
2749,デメル
2750,デモデ
2751,デュ ラックス
2752,デュウ
2753,デュオ
2754,デュベティカ
2755,デュラス
2756,デュルビュイ
2757,デュロ オロウ
2758,デューフ
2759,デューレン
2760,デラックス
2761,デルフィーヌ-シャルロット パルモンティエ
2762,デルヴォー
2763,デレク ラム
2764,デンツ
2765,デンドロビウム
2766,デンハム
2767,デヴァステ
2768,デヴィジオ
2769,デヴィッド コーマ
2770,デヴィッド ツェト
2771,デヴォア
2772,デ・ドゥエ
2773,デービッド ヒックス
2774,トイズマッコイ
2775,トイプレーン
2776,トゥ タッチ
2777,トゥ レ ジュル
2778,トゥイム
2779,トゥインクルバイウエンラン
2780,トゥエルヴ ホームメイド
2781,トゥエンティー エイト トゥエルヴ
2782,トゥエンティーフォーカラッツ
2783,トゥジュー
2784,トゥデイズスペシャル
2785,トゥミ
2786,トゥモローランド
2787,トゥララ
2788,トゥルーレリジョン
2789,トゥー フェイスド
2790,トゥータイムズユー
2791,トゥート
2792,トゥーパーセントトウキョウ
2793,トゥービーシック
2794,トゥーレイト
2795,トウキョウボッパー
2796,トウキョウリッパー
2797,トキコ ムラカミ
2798,トキドキ
2799,トクコ・プルミエヴォル
2800,トクルム
2801,トシキ
2802,トッカ
2803,トッズ
2804,トッド リン
2805,トッドスナイダー
2806,トップショップ
2807,トップショップ ユニーク
2808,トップマン
2809,トナック
2810,トピィーズ
2811,トフ
2812,トフ&ロードストーン
2813,トマジーニ
2814,トミー ナッター
2815,トミー バハマ
2816,トミー ヒルフィガー
2817,トム ディクソン
2818,トム フォード
2819,トム ブラウン
2820,トム レベル
2821,トムウッド
2822,トムセン
2823,トム・クロム
2824,トモ コイズミ
2825,トモアンドシーオー
2826,トモエ
2827,トモコ フルサワ ジュエリー
2828,トライゴッド
2829,トライト
2830,トライロ
2831,トラサルディ
2832,トラディショナル ウェザーウェア
2833,トラマンド
2834,トラモンターノ
2835,トランスコンチネンツ
2836,トランテアン ソン ドゥ モード
2837,トラント
2838,トラヴィスワーカー
2839,トリア
2840,トリオプ
2841,トリッカーズ
2842,トリックオアトリート
2843,トリッペン
2844,トリプティック
2845,トリプルエー
2846,トリワ
2847,トリンプ
2848,トリー バーチ
2849,トルネードマート
2850,トレイシー リース
2851,トレミーフォーティエイト
2852,トレーズ・ボナパルト
2853,トロエントープ
2854,トロスマン
2855,トロワズィエムチャコ
2856,トロワゾ
2857,トロヴァータ
2858,トロヴァーレ
2859,トロールビーズ
2860,トローヴ
2861,トワニー
2862,トーカティブ
2863,トーガ
2864,トーキョーファンタスティック
2865,トーキングアバウト ジ アブストラクション
2866,トータリテ
2867,トーニーパス
2868,トーノ
2869,トーマス マイヤー
2870,トーマス ワイルド
2871,トーマスドノチック
2872,トーマスピンク
2873,トーン
2874,トーン(コスメ)
2875,ドゥアラット
2876,ドゥック
2877,ドゥッファ
2878,ドゥニーム
2879,ドゥファミリィ
2880,ドゥミエール ビジュソフィア
2881,ドゥヨス
2882,ドゥルカマラ
2883,ドゥロワー
2884,ドゥ・ラ・メール
2885,ドゥー リー
2886,ドゥーズィエム クラス
2887,ドゥーナチュラル
2888,ドゥーブルメゾン
2889,ドギャード
2890,ドクター フランケン
2891,ドクター モンロー
2892,ドクターシーラボ
2893,ドクタージー
2894,ドクターデニム
2895,ドクターマーチン
2896,ドクター・ロマネリ
2897,ドッグ(ショップ)
2898,ドッグフィーバー
2899,ドットール・ヴラニエス
2900,ドド
2901,ドナ メイベル
2902,ドナテラ ヴェルサーチェ
2903,ドナテラ・ペリーニ
2904,ドマ レザー
2905,ドマカヤ
2906,ドメニ コー
2907,ドメニコアンドサビオ
2908,ドライクリーンオンリー
2909,ドライコーン
2910,ドライボーンズ
2911,ドリス ヴァン ノッテン
2912,ドルチェ＆ガッバーナ
2913,ドルモア
2914,ドレイクス
2915,ドレス33
2916,ドレスアンドテーラー
2917,ドレスキャンプ
2918,ドレステリア
2919,ドレストリップ
2920,ドレスドアンドレスド
2921,ドレッシング ダウン
2922,ドロシー シューマッハ
2923,ドロシーズ
2924,ドロゾフィラ
2925,ドローム
2926,ドンペペ
2927,ドーサ
2928,ドーナツ
2929,ドーメル
2930,ドーヴェ ヌオターノ リ スクァーリ
2931,にゃー
2932,ナイキ
2933,ナイジェル・ケーボン
2934,ナイスネス
2935,ナイト
2936,ナイトレイド
2937,ナイフ
2938,ナイン
2939,ナインウエスト
2940,ナインティナイン パーセント イズ
2941,ナインテイラー
2942,ナインファイブ
2943,ナインルーラズライン
2944,ナイーム カーン
2945,ナオキ タキザワ
2946,ナオシ サワヤナギ
2947,ナカガミ
2948,ナグァール
2949,ナゲッツ
2950,ナショナルスタンダード
2951,ナタリア ブリリ
2952,ナターシャ ジンコ
2953,ナチュラグラッセ
2954,ナチュラリジュエリ
2955,ナチュラルビューティー
2956,ナチュラルビューティーベーシック
2957,ナチュリエ
2958,ナッシュ
2959,ナッツアンドボーン
2960,ナデシコ
2961,ナナナナ
2962,ナナミカ
2963,ナヌーシュカ
2964,ナノ・ユニバース
2965,ナバアサナ
2966,ナマチェコ
2967,ナヤット
2968,ナラカミーチェ
2969,ナラティブ プラトゥーン
2970,ナルシソ ロドリゲス
2971,ナンシー ステラ ソト
2972,ナンバー
2973,ナンバー11
2974,ナンバー44
2975,ナンバーエム
2976,ナンバーコード コンストラクト
2977,ナンバーシックス
2978,ナンバーナイン
2979,ナージー
2980,ナーズ
2981,ナード ユニット
2982,ナーム
2983,ニアー ニッポン
2984,ニウク
2985,ニウナ
2986,ニクソン
2987,ニコアンド
2988,ニコパンダ
2989,ニコラ アンドレア タラリス
2990,ニコライ バーグマン フラワーズ ＆ デザイン
2991,ニコラス カークウッド
2992,ニコラス ケー
2993,ニコラス デイリー
2994,ニコラス＆マーク
2995,ニコラ・ジェスキエール
2996,ニコラ・フォルミケッティ
2997,ニコル
2998,ニコルソン＆ニコルソン
2999,ニコルミラー
3000,ニコロン
3001,ニゾーニ
3002,ニックス プロフェッショナル メイクアップ
3003,ニックニードルズ
3004,ニッチ
3005,ニッチー
3006,ニッツ シュナイダー
3007,ニット・イズ・キャンバス
3008,ニナ リッチ
3009,ニニータ
3010,ニュアンス
3011,ニューイングランドアウターウェアー
3012,ニューエラ
3013,ニューズレス
3014,ニューターム
3015,ニューニュー
3016,ニューバランス
3017,ニューマン
3018,ニューヨーカー
3019,ニューヨーク ハット
3020,ニューヨークインダストリー
3021,ニュールック
3022,ニューレーベル
3023,ニューロティカ
3024,ニル デュエ / ニル アン トーキョー
3025,ニルズ
3026,ニヴァーノイス
3027,ニードルズ
3028,ニーナミュウ
3029,ニーム
3030,ニール バレット
3031,ニールズヤード レメディーズ
3032,ヌキテパ
3033,ヌボアイック
3034,ヌメロ ヴェントゥーノ
3035,ヌンク
3036,ヌーカ
3037,ヌーディージーンズ
3038,ヌード：マサヒコマルヤマ
3039,ヌール・ザーラ
3040,ネイキッドサン
3041,ネイサー メイザー
3042,ネイチャーラボ トーキョー
3043,ネイティブ
3044,ネイティブ サンズ
3045,ネイティブユニオン
3046,ネイバーフッド
3047,ネイビー・ウォ
3048,ネイフ
3049,ネイプ
3050,ネイルズ インク
3051,ネイルホリック
3052,ネイヴ
3053,ネオンサイン
3054,ネクサスセブン
3055,ネグレクトアダルトペイシェンツ
3056,ネサーンス
3057,ネスタブランド
3058,ネストローブ
3059,ネズ
3060,ネセセア
3061,ネニュファール
3062,ネブローニ
3063,ネヘラ
3064,ネペンテス
3065,ネル
3066,ネ・ネット
3067,ネーム
3068,ノア
3069,ノアファー
3070,ノウハウ
3071,ノクターン ナンバー22 イン シー シャープ マイナー オプト ポッス
3072,ノグチ
3073,ノジェス
3074,ノスタルジア
3075,ノストラサンティッシマ
3076,ノゾミ イシグロ
3077,ノット
3078,ノットバード
3079,ノティファイ
3080,ノブユキ マツイ
3081,ノミネ
3082,ノミネーション
3083,ノム ド ゲール
3084,ノモス グラスヒュッテ
3085,ノリコイケ
3086,ノリコナカザト
3087,ノリタカタテハナ
3088,ノリユキ イケダ
3089,ノリータ
3090,ノルウェージャンレイン
3091,ノルディスク
3092,ノルディックフィーリング
3093,ノワール ケイ ニノミヤ
3094,ノントーキョー
3095,ノンネイティブ
3096,ノー アイディー
3097,ノーカ
3098,ノーコントロールエアー
3099,ノートエシロンス
3100,ノートン＆サンズ
3101,ノード バイ クドウシュウジ
3102,ノーネーム
3103,ノーブル サベージ
3104,ノーブル バース
3105,ノーベスパジオ
3106,ノーマ ティーディー
3107,ノーマンデー
3108,ノーユニオン
3109,ノーリーズ
3110,はるかきみへ
3111,ふりふ
3112,べトラム
3113,ハイアン
3114,ハイク
3115,ハイダー アッカーマン
3116,ハイドアンドシーク
3117,ハイドロゲン
3118,ハイヌ
3119,ハイパンダ
3120,ハイパーグランド
3121,ハイプ ミーンズ ナッシング
3122,ハイベック
3123,ハイランド パーク
3124,ハイランド2000
3125,ハウス オブ ホランド
3126,ハウス オブ ローゼ
3127,ハウス オブ ロータス
3128,ハウスオブハーロウ1960
3129,ハウスオブマラカイ
3130,ハウスコミューン
3131,ハウナチュラル?
3132,ハウル
3133,ハオミン
3134,ハオリ ドゥ ティティ
3135,ハク
3136,ハクイ
3137,ハクジ
3138,ハケット ロンドン
3139,ハザマ
3140,ハスナ
3141,ハソーンブーツ
3142,ハチイチブランカ
3143,ハッシュアッシュ
3144,ハッシュパピー
3145,ハッチ
3146,ハッピーソックス
3147,ハツトキ
3148,ハトラ
3149,ハナエ モリ
3150,ハナ・タジマ
3151,ハニイ ワイ
3152,ハニーサロン
3153,ハニーズ
3154,ハニーミーハニー
3155,ハハ
3156,ハバダッシュリー
3157,ハバノス
3158,ハバーサック
3159,ハフ
3160,ハミルトン
3161,ハム
3162,ハム＆ロワー
3163,ハラキリ
3164,ハリウッド ミラー
3165,ハリウッド メイド
3166,ハリウッドランチマーケット
3167,ハリウッドロジャークラブ
3168,ハリカエ
3169,ハリス
3170,ハリスツイード
3171,ハリスワーフロンドン
3172,ハリュ
3173,ハリー ラリーズ
3174,ハリー・ウィンストン
3175,ハリー＆タイラー
3176,ハルシ
3177,ハルタ
3178,ハルノブ ムラタ
3179,ハルプ
3180,ハレ
3181,ハワイアナス
3182,ハン アン スン
3183,ハンコック
3184,ハンズオングリップ
3185,ハンセン
3186,ハンター
3187,ハンツマン
3188,ハンティズム
3189,ハンティング・ワールド
3190,ハンドシェイク
3191,ハンナ マーシャル
3192,ハンロ
3193,ハーゲンダッツ
3194,ハーシェル
3195,ハーディ エイミス
3196,ハート
3197,ハートマーケット
3198,ハードコア エレガンス
3199,ハードヒット
3200,ハーバー
3201,ハーマンミラー
3202,ハーリン
3203,ハーレム ラウンジ
3204,ハーレーオブスコットランド
3205,ハーレーダビッドソン
3206,バイ マレーネ ビルガー
3207,バイアス
3208,バイエイチ ニューヨーク
3209,バイオグラフィー
3210,バイオレットハンガー
3211,バイズ&キュリアス
3212,バイユー
3213,バイレード
3214,バウム
3215,バウム ウンド ヘルガーテン
3216,バウンティーハンター
3217,バカラ
3218,バガボンド
3219,バクスター
3220,バグゥ
3221,バジュラ
3222,バスクチュール
3223,バズリクソンズ
3224,バタフライツイスト
3225,バッカ
3226,バッカス
3227,バック ナンバー
3228,バックアリーオールドボーイズ
3229,バックス＆ストラウス
3230,バックチャンネル
3231,バックドロップ
3232,バックボーン
3233,バッグジャック
3234,バッソ＆ブルック
3235,バッハ
3236,バッファローボブズ
3237,バディオプティカル
3238,バデル
3239,バトナー
3240,バナナチップス
3241,バナナ・リパブリック
3242,バナル シック ビザール
3243,バナー バレット
3244,バニー
3245,バビロン
3246,バブアー
3247,バブルス
3248,バラクータ
3249,バラブシュカレムナンツ
3250,バランタイン
3251,バラ色の帽子
3252,バリ バレ
3253,バリー
3254,バリーニットウェア
3255,バル
3256,バルクオム
3257,バルデ77
3258,バルトレー
3259,バルバ
3260,バルバラ ビュイ
3261,バルマン
3262,バルミューダ
3263,バルムング
3264,バレルズ
3265,バレンシアガ
3266,バンクス
3267,バンクローバー
3268,バンザイ
3269,バンド オブ アウトサイダーズ
3270,バンドール
3271,バンヤードストーム
3272,バーカーブラック
3273,バーガスプラス
3274,バーク
3275,バーグファベル
3276,バージスブルック
3277,バース
3278,バートル
3279,バートン
3280,バートン ペレイラ
3281,バードウェルビーチブリッチズ
3282,バーニングトーチ
3283,バーニーズ　ニューヨーク
3284,バーバラ カサソラ
3285,バーバラ・イ・ゴンジニ
3286,バーバリアン
3287,バーバリー
3288,バービー
3289,バーンアウト
3290,バーンストック・スピアーズ
3291,バーンストーマー
3292,バーンズ アウトフィッターズ
3293,バーンバイオレット
3294,パイドパイパー
3295,パイロットリバー
3296,パイン
3297,パウロ メリム アンダーソン
3298,パオラ フラーニ
3299,パグナット
3300,パグメント
3301,パコ ラバンヌ
3302,パサレラデススクアッド
3303,パスカル ミレ
3304,パスカル・ドンキーノ
3305,パスザバトン
3306,パタゴニア
3307,パッサッジョ クラバッテ
3308,パッチーケークイーター
3309,パティスリー・サダハル・アオキ・パリ
3310,パテック フィリップ
3311,パトゥ
3312,パトリック
3313,パトリック コックス
3314,パトリック ロビンソン
3315,パトリックステファン
3316,パトリツィア ペペ
3317,パドカレ
3318,パドローネ
3319,パピエ ティグル パリ トウキョウ
3320,パブリック トウキョウ
3321,パブリックイメージ
3322,パブリックスクール
3323,パブリッシュブランド
3324,パブロ
3325,パム
3326,パム・レフト パム・ライト
3327,パメオポーズ
3328,パメラ ラブ
3329,パラティッシ
3330,パラディウム
3331,パラドゥ
3332,パラドックス
3333,パラノイア パラディーソ
3334,パラノイド
3335,パラビオン
3336,パラフィナ
3337,パラブーツ
3338,パルミジャーニ・フルリエ
3339,パルル モア ドゥ パルファム
3340,パレス スケートボード
3341,パロットキャンバス
3342,パンのペリカン
3343,パンサー
3344,パンセレラ
3345,パンソー
3346,パンドラ
3347,パーミニット
3348,パーム・エンジェルス
3349,パーリッシィ
3350,パール
3351,ヒアーズ
3352,ヒカル ノグチ
3353,ヒカル マツムラ ザ ユニークバッグ
3354,ヒガ
3355,ヒスイ ヒロコ イトウ
3356,ヒステリックグラマー
3357,ヒデノブ ヤスイ
3358,ヒムハー
3359,ヒュンメル
3360,ヒューゴ ボス
3361,ヒューストン ゴールド
3362,ヒューマノイド
3363,ヒューマンウーマン
3364,ヒューマンメイド
3365,ヒリヤー バートリー
3366,ヒルトップ
3367,ヒロ
3368,ヒロインメイク
3369,ヒロコ コシノ
3370,ヒロコ ハヤシ
3371,ヒロコ ビス
3372,ヒロシキダ
3373,ヒロタカ
3374,ヒロフ
3375,ヒロミ ツヨシ
3376,ヒロミチナカノ
3377,ヒロム タカハラ
3378,ヒース
3379,ヒーミー
3380,ヒーリー
3381,ビアズリー
3382,ビアッジョブルー
3383,ビアンキ
3384,ビキニス ブティック
3385,ビクトリノックス
3386,ビザール
3387,ビジューアールアイ
3388,ビジュードエム
3389,ビス
3390,ビスケットヘッド
3391,ビスタ
3392,ビズビム
3393,ビッキー
3394,ビッグジョン
3395,ビッグハンド
3396,ビトーンズ
3397,ビバ
3398,ビバユー
3399,ビブロス
3400,ビュル デ サボン
3401,ビュー フロム ハバダッシュリー
3402,ビューティフルシューズ
3403,ビューティフルピープル
3404,ビューティービースト
3405,ビユテ
3406,ビラボン
3407,ビリオネア・ボーイズ・クラブ
3408,ビリティス
3409,ビリドゥーエ
3410,ビリー
3411,ビル アンバーグ
3412,ビルウォールレザー
3413,ビルケンシュトック
3414,ビルディングブロック
3415,ビレロイ＆ボッホ
3416,ビー アイドル
3417,ビーアンエンジェル
3418,ビーエー
3419,ビーシービージーマックスアズリア
3420,ビージェイ クラシック コレクション
3421,ビース
3422,ビースリー
3423,ビーセカンド
3424,ビービー・ロサンゼルス
3425,ビーブルマリン
3426,ビーポジティブ
3427,ビームス
3428,ビーラディエンス
3429,ビー・ダブリュー・ジー・エイチ
3430,ピアジェ
3431,ピアッカセッテ
3432,ピィーティーアルフレッド
3433,ピエス ダナルシヴ
3434,ピエール アルディ
3435,ピエール アンリ マトゥ
3436,ピエール カルダン
3437,ピエール クンツ
3438,ピエール マルコリーニ
3439,ピエール・エルメ・パリ
3440,ピエール＝ルイ・マシア
3441,ピガール
3442,ピクト
3443,ピコリノス
3444,ピッピシック
3445,ピュ コモダ
3446,ピュアブルージャパン
3447,ピンキーガールズ
3448,ピンキー＆ダイアン
3449,ピンクアドベ
3450,ピンクハウス
3451,ピンコ
3452,ピー.ジェイ.サルベージ
3453,ピーイーオーティーダブリューエージー
3454,ピーエイチデザイン
3455,ピーエフ フライヤーズ
3456,ピーキュー アイウェア
3457,ピーケーシーズ
3458,ピージー
3459,ピーター イェンセン
3460,ピーター ソム
3461,ピーター デュンダス
3462,ピーター ドゥ
3463,ピーター ピロット
3464,ピーターズマウンテンワークス
3465,ピーチョー クレイバーグ
3466,ピーチ・ジョン
3467,ピーティー・ゼロウーノ
3468,ピーナッツカンパニー
3469,ピーピーエフエム
3470,ピーピーキュー
3471,ピーピーシーエム
3472,ピープル・ツリー
3473,ファイナルホーム
3474,ファイバーオプス
3475,ファイブ プレビュー
3476,ファイブイズム バイ スリー
3477,ファイブオクトーバー
3478,ファイブオー
3479,ファイブノット
3480,ファイブブラザー
3481,ファイヤー ワイヤー
3482,ファイヤーワイヤー
3483,ファインダーズ
3484,ファインダーズ キーパーズ
3485,ファガッセン
3486,ファクトタム
3487,ファクトリエ
3488,ファクトリーキュウヒャク
3489,ファシオ
3490,ファセッタズム
3491,ファッソナブル
3492,ファッチーズ
3493,ファドスリー
3494,ファビアナフィリッピ
3495,ファビアン イフィレス
3496,ファビオ ルスコーニ
3497,ファブリカ アレンテジャーナ デ ラニフィシオス
3498,ファブリック ハンテッド アンド コレクテッド
3499,ファブリック バイ カズイ
3500,ファブリックス インターシーズン
3501,ファミュ
3502,ファリエロ サルティ
3503,ファルコネリ
3504,ファルッチ
3505,ファルファーレ
3506,ファロルニ
3507,ファンケル
3508,ファンダメンタル
3509,ファンデーションアディクト
3510,ファンメール
3511,ファーストアメリカントレーダーズ
3512,ファーストアローズ
3513,ファーストエイドトゥザインジュアード
3514,ファーストダウン
3515,ファーストハンド
3516,ファーファー
3517,ファーブル・ルーバ
3518,ファーマーズマーケット
3519,フィアオブゴット
3520,フィオナ ベネット
3521,フィオルッチ
3522,フィグス
3523,フィグベル
3524,フィグ＆ヴァイパー
3525,フィスロン
3526,フィックス
3527,フィットビット
3528,フィットフロップ
3529,フィデリティ
3530,フィナモレ
3531,フィネス
3532,フィビー フィロ
3533,フィフス アベニュー シュー リペア
3534,フィベリー
3535,フィラ
3536,フィラージュ
3537,フィリッパ コー
3538,フィリップ オーディベール
3539,フィリップ クランジ
3540,フィリップ トレイシー
3541,フィリップ プレイン
3542,フィリップ モデル
3543,フィリップ ルクー
3544,フィリー オー リンクス
3545,フィル ザ ビル
3546,フィルソン
3547,フィルマ
3548,フィルマム
3549,フィルメランジェ
3550,フィロソフィ
3551,フィロール
3552,フィンガリン
3553,フィンスク
3554,フィント
3555,フィンレイソン
3556,フィーニー
3557,フィービリー
3558,フィービー イングリッシュ
3559,フィールアンドテイスト
3560,フェアファックス
3561,フェイ
3562,フェイクロンドン
3563,フェイドラ トウキョウ
3564,フェイドレス
3565,フェイマス
3566,フェスタリア ビジュソフィア
3567,フェスーラー
3568,フェノメノン
3569,フェノメノン ビヨンド ディスクリプション
3570,フェマイン トウキョウ
3571,フェリシモ
3572,フェリペ オリヴェイラ バティスタ
3573,フェリージ
3574,フェルダー フェルダー
3575,フェルナンドレザー
3576,フェローズ
3577,フェンディ
3578,フェールラーベン
3579,フエギア 1833
3580,フォクシー
3581,フォックス・アンブレラ
3582,フォッシル
3583,フォトコピュー
3584,フォリフォリ
3585,フォルテ フォルテ
3586,フォルナセッティー プロフーミ
3587,フォルナリーナ
3588,フォルメ デ エクスプレッション
3589,フォレ・ル・パージュ
3590,フォン シュワンネンフリューゲル プープケ
3591,フォー コーナーズ オブ ア サークル
3592,フォーアワーズ
3593,フォーエバー21
3594,フォーエバーマーク
3595,フォーク
3596,フォーサムワン
3597,フォーチュナトウキョウ
3598,フォーティファイブ・アール
3599,フォーティーパーセント アゲインストライツ
3600,フォーティーンスアディクション
3601,フォート
3602,フォーナインズ
3603,フォーパパリ
3604,フォーワンセブン エディフィス
3605,フォー・サイレント・バーズ
3606,フジコ
3607,フセイン チャラヤン
3608,フット ザ コーチャー
3609,フットストック・オリジナルズ
3610,フッド バイ エアー
3611,フミエ タナカ
3612,フミカ_ウチダ
3613,フミク
3614,フミト ガンリュウ
3615,フュー
3616,フューチュラ ラボラトリーズ
3617,フョードル ゴラン
3618,フライ
3619,フライターグ
3620,フライング タイガー コペンハーゲン
3621,フラカップ
3622,フラグスタフ
3623,フラグメント
3624,フラジール
3625,フラッシュポイント
3626,フラットヘッド
3627,フラッパー
3628,フラテッリ ジャコメッティ
3629,フラフ
3630,フラボア
3631,フラマー
3632,フラミューム
3633,フラワーズ バイ シエテ
3634,フランキー モレロ
3635,フランク ダニエル
3636,フランク テル
3637,フランク ミュラー
3638,フランク リーダー
3639,フランク ＆ アイリーン
3640,フランクウィーンセンス
3641,フランクリンミルズ
3642,フランクリン＆マーシャル
3643,フランコ フェラーロ
3644,フランコ ミヌッチ
3645,フランコフェラーリ
3646,フランシスクライン
3647,フランシスト・モークス
3648,フランシュリッペ
3649,フランチェスコ スコニャミリオ
3650,フランチェスコ ビアジア
3651,フランフラン
3652,フリストフィア
3653,フリッカ
3654,フリップザスクリプト
3655,フリークスストア
3656,フリーシティ
3657,フリーシーム
3658,フリーストア
3659,フリーズショップ
3660,フリーダ・ジャンニーニ
3661,フリーダ＆ネリー
3662,フリーピープル
3663,フリープラス
3664,フリーマドンナ
3665,フリーマンズスポーティングクラブ
3666,フルカウント
3667,フルトン
3668,フルラ
3669,フルーツオブザルーム
3670,フレイ アイディー
3671,フレッシュジャイブ
3672,フレッド シーガル
3673,フレッドペリー
3674,フレディ
3675,フレディ&グロスター
3676,フレディエミュ
3677,フレデリック コンスタント
3678,フレンシー＆マーキュリー
3679,フレンチコネクション
3680,フレーク
3681,フレーフレー
3682,フローレント
3683,フローヴ
3684,フーガ
3685,フーズフーギャラリー
3686,フーミー
3687,フーワット
3688,ブエナビスタ
3689,ブガッティ・イタリー
3690,ブシュロン
3691,ブソル
3692,ブッチャー プロダクツ
3693,ブッテロ
3694,ブティック トウキョウドレス
3695,ブディストパンク
3696,ブフト
3697,ブボ バルセロナ
3698,ブライアン アトウッド
3699,ブライト シングス
3700,ブライトリング
3701,ブライトン
3702,ブラウンバニー
3703,ブラクトメント
3704,ブラザーフッド
3705,ブラック
3706,ブラック ウィドー
3707,ブラック ディオニソ
3708,ブラック デニム
3709,ブラック ハニー チリ クッキー
3710,ブラックアイパッチ
3711,ブラックスター・アンド・ザ・ベルベットボーンズ
3712,ブラックダラーズ
3713,ブラックトップモーターサイクル
3714,ブラックトライアングルデザイン
3715,ブラックバイマウジー
3716,ブラックバレット
3717,ブラックフライズ
3718,ブラックフリース
3719,ブラックブーツ
3720,ブラックミーンズ
3721,ブラックムートン
3722,ブラック＆ブルー
3723,ブラック＆ホワイト
3724,ブラッチャリーニ
3725,ブラッディマリー
3726,ブラッド イズ ザ ニュー ブラック
3727,ブラッパーズ
3728,ブラマ ストーリ
3729,ブラミンク
3730,ブラン
3731,ブラン ワイエム
3732,ブランクス
3733,ブランドストーン
3734,ブランバスク
3735,ブランパン
3736,ブラームス
3737,ブリオーニ
3738,ブリクストン
3739,ブリストン
3740,ブリスマン
3741,ブリッラ ペル イル グスト
3742,ブリングオンザノイズ
3743,ブリーズ
3744,ブリーフィング
3745,ブルガリ
3746,ブルックス
3747,ブルックス ブラザーズ
3748,ブルックリン テーラーズ
3749,ブルックリン　スペクタクルス
3750,ブルネロ クチネリ
3751,ブルピナリ
3752,ブルマリン
3753,ブルー ドゥ パナム
3754,ブルーイ
3755,ブルーオーバー
3756,ブルーガール
3757,ブルークロス
3758,ブルーナボイン
3759,ブルーネ
3760,ブルーノ マリ
3761,ブルーフラッグ
3762,ブルーブルー
3763,ブルーム
3764,ブルーラブ
3765,ブレイクス
3766,ブレゲ
3767,ブレス
3768,ブレンヘイム
3769,ブロックトン ジムネイジアム
3770,ブロッケン
3771,ブロンディ
3772,ブローバ
3773,ブー パラ
3774,ブージュルード
3775,ブートレグブース
3776,プエルタ・デル・ソル
3777,プチバトー
3778,プティマイン
3779,プティローブノアー
3780,プニュズ
3781,プフ
3782,プライ バイ ラグネ キカス
3783,プライドグライド
3784,プライベート・スプーンズ・クラブ
3785,プライマルコード
3786,プライマーク
3787,プラス エイト パリス ロック
3788,プラス ヴァンドーム
3789,プラスターナ
3790,プラスチックトーキョー
3791,プラステ
3792,プラダ
3793,プラトーイ
3794,プラン シー
3795,プランテーション
3796,プランピーナッツ
3797,プラージュ
3798,プリティ・バレリーナ
3799,プリティーグリーン
3800,プリドフルール
3801,プリュイ
3802,プリングル オブ スコットランド
3803,プリンス ピーター
3804,プリーク
3805,プリーン バイ ソーントン ブレガッジ
3806,プルーフ
3807,プルーフ(アイウェア)
3808,プル＆ベアー
3809,プレ
3810,プレイノーモア
3811,プレインピープル
3812,プレジャーズ
3813,プレスバターサンド
3814,プレッジ
3815,プレット
3816,プレミアータ
3817,プロ トレック
3818,プロエフ
3819,プロエンザスクーラー
3820,プロケッズ
3821,プロジェクト メンタル
3822,プロジェクトエスアールエス
3823,プロパガンダ
3824,プロヒビット
3825,プロポデザイン
3826,プードゥドゥ
3827,プーマ
3828,プーラフリーム
3829,プールサイド
3830,ヘイ
3831,ヘイガン
3832,ヘイズ
3833,ヘインズ
3834,ヘクティク
3835,ヘザー
3836,ヘックスアンチスタイル
3837,ヘッド イエローレーベル
3838,ヘッドクォーター
3839,ヘッドライナー
3840,ヘッド・ポーター
3841,ヘム
3842,ヘリテージ1981
3843,ヘリーハンセン
3844,ヘルコビッチ アレキサンドレ
3845,ヘルスニット
3846,ヘルノ
3847,ヘルムート ラング
3848,ヘレティック・パルファム
3849,ヘレナ ルビンスタイン
3850,ヘレンカミンスキー
3851,ヘレンド
3852,ヘロン プレストン
3853,ヘンリ エン ヴァーゴ
3854,ヘンリック ヴィブスコフ
3855,ヘンリー プール
3856,ヘンリー ロンドン
3857,ベアフット ドリームズ
3858,ベアミネラル
3859,ベイク チーズタルト
3860,ベイシーク
3861,"ベイジ,"
3862,ベイスロープ
3863,ベイト
3864,ベイビーミー
3865,ベイフロー
3866,ベクプロ
3867,ベグアンドコー
3868,ベグジット
3869,ベス
3870,ベス フランク
3871,ベセペセ
3872,ベター
3873,ベタ＆カンパニー
3874,ベッツィ ジョンソン
3875,ベッドサイドドラマ
3876,ベッドフォード
3877,ベティ ジャクソン
3878,ベトン シレ
3879,ベドウィン＆ザ・ハートブレイカーズ
3880,ベネフィーク
3881,ベベ
3882,ベリーブレイン
3883,ベリーボタン
3884,ベルシュカ
3885,ベルスタッフ
3886,ベルナベウ
3887,ベルナルド ジュスティ
3888,ベルバシーン
3889,ベルパー
3890,ベルベスト
3891,ベルベット
3892,ベルメール
3893,ベルルッティ
3894,ベルンハルト ウィルヘルム
3895,ベルーフバゲージ
3896,ベル＆ロス
3897,ベン シャーマン
3898,ベン タヴァニティ アンラベル プロジェクト
3899,ベンジャミンアイウェア
3900,ベンダー
3901,ベンチ
3902,ベンデイビス
3903,ベンハート フィレンツェ
3904,ベン・ウエストウッド
3905,ベージック
3906,ベースコントロール
3907,ベーセーストック
3908,ベーリング
3909,ペイジ
3910,ペイジ・サージソン
3911,ペイトンプレイス
3912,ペギーラナ
3913,ペダラ
3914,ペテロオラウム
3915,ペドロ ガルシア
3916,ペペジーンズ
3917,ペラン
3918,ペリー エリス
3919,ペリーコ
3920,ペルソール
3921,ペルティニ
3922,ペルフェット
3923,ペレッテリア ベネタ
3924,ペンドルトン
3925,ペンハリガン
3926,ペンフィールド
3927,ページボーイ
3928,ペーター ペトロフ
3929,ペーパーグラス
3930,ペーパーデニム＆クロス
3931,ホォアナ デ アルコ
3932,ホカ オネオネ
3933,ホグロフス
3934,ホコモモラ
3935,ホス
3936,ホセ エンリケ オナ セルファ
3937,ホセ ミロ
3938,ホットフロップス
3939,ホリスター
3940,ホリデイ
3941,ホリー フルトン
3942,ホリーグレイヴ
3943,ホルストン
3944,ホワイツブーツ
3945,ホワイト
3946,ホワイトスクリーン
3947,ホワイトハウスコックス
3948,ホワイトフラッグス
3949,ホワイトマウンテニアリング
3950,ホワイトライン
3951,ホーガン
3952,ホーキンス
3953,ホーセンブース
3954,ホーボー
3955,ホームコア
3956,ホームレス
3957,ホーランド エスクワイヤー
3958,ホールラブキョウト
3959,ボイコット
3960,ボウディッカ
3961,ボエモス
3962,ボシュプルメット
3963,ボストンクラブ
3964,ボタニカ
3965,ボタニスト
3966,ボックス アンド コックス
3967,ボッシュ
3968,ボッテガ・ヴェネタ
3969,ボディソング
3970,ボディドレッシング デラックス
3971,ボトキエ
3972,ボナジョルナータ
3973,ボビイ ブラウン
3974,ボビー シングス スタンダード
3975,ボブティック
3976,ボヘミアンズ
3977,ボラ アクス
3978,ボリオリ
3979,ボリス ビジャン サベリ
3980,ボルコム
3981,ボルサリーノ
3982,ボルタ
3983,ボルボネーゼ
3984,ボン ヴェルジェ
3985,ボンクラ
3986,ボンジッパー
3987,ボンジュールレコード
3988,ボンド・ナンバーナイン
3989,ボンヌ メゾン
3990,ボンボネーラ
3991,ボンポワン
3992,ボヴェ
3993,ボーイ
3994,ボーイ バイ バンドオブアウトサイダーズ
3995,ボーイ ロンドン
3996,ボーコンセプト
3997,ボース
3998,ボーソレイユ
3999,ボーダーズ アット バルコニー
4000,ボーム
4001,ボーム＆メルシエ
4002,ボーラー
4003,ボールジィー
4004,ポアトアデモア
4005,ポインター
4006,ポエム ボヘミアン
4007,ポステレガント
4008,ポストアンドコー
4009,ポストオーバーオールズ
4010,ポティオール
4011,ポト
4012,ポニー
4013,ポピッツ
4014,ポメラート
4015,ポリプロイド
4016,ポリーニ
4017,ポルシェデザイン
4018,ポルタユ
4019,ポンティ
4020,ポンテヴェキオ
4021,ポー
4022,ポーター
4023,ポーツ 1961
4024,ポーラ
4025,ポーラ ラ ビクトレー
4026,ポーラル
4027,ポーリック スウィーニー
4028,ポール コステロ
4029,ポール スチュアート
4030,ポール スチュアート アドバンス
4031,ポール ピコ
4032,ポール フランク
4033,ポール ポワレ
4034,ポール ＆ ジョー
4035,ポールカ
4036,ポールハーデン
4037,ポール・サリッジ
4038,ポール・スミス
4039,またどまーじゅ
4040,まとふ
4041,マイ
4042,マイ ビューティフル ランドレット
4043,マイアミ
4044,マイカアンドディール
4045,マイキータ
4046,マイケル タピア
4047,マイケル バスティアン
4048,マイケル ヴァン デル ハム
4049,マイケル・コース
4050,マイケル・ラウ
4051,マイコ ナガヤマ
4052,マイスエリ
4053,マイストラーダ
4054,マイセルフ アバハウス
4055,マイティー
4056,マイヌ
4057,マイパンダ
4058,マイラ
4059,マイラクラシック
4060,マイン
4061,マインデニム
4062,マウジー
4063,マウリ
4064,マウリツィオ ペコラーロ
4065,マウログリフォーニ
4066,マウンテンイクイップメント
4067,マウントレイニアデザイン
4068,マカナレイ
4069,マカフィー
4070,マカロニック
4071,マキアージュ
4072,マキシム シモアンス
4073,マキャベリック
4074,マクロマウロ
4075,マコン・エ・レスコア
4076,マサキ マツシマ
4077,マサコ テラニシ
4078,マサヒロマルヤマ
4079,マサヤ ニシムラ
4080,マザー
4081,マザーハウス
4082,マシュカ
4083,マシュー ウィリアムソン
4084,マシュー・アダムズ・ドーラン
4085,マジェスティックレゴン
4086,マジカル デザイン
4087,マジス
4088,マジックスティック
4089,マジョリカ マジョルカ
4090,マスター ワークス
4091,マスターキー
4092,マスターピース
4093,マスターマインド・ジャパン
4094,マタリ
4095,マターマターズ
4096,マチュアーハ
4097,マッキントッシュ
4098,マッキントッシュ フィロソフィー
4099,マック
4100,マック リッチ
4101,マックキュー アレキサンダー・マックイーン
4102,マックス キバルディン
4103,マックス ピティオン
4104,マックス ブレナー
4105,マックス ＆ コー
4106,マックスマーラ
4107,マックダディ
4108,マックナイト
4109,マックパック
4110,マックレガー
4111,マッセメンシュ
4112,マッタ
4113,マッドフット
4114,マティス ヴァン ベルゲン
4115,マテス
4116,マディソンブルー
4117,マド エ レン
4118,マドラス
4119,マナスタッシュ
4120,マニエラ
4121,マニッシュ アローラ
4122,マニプリ
4123,マニュアル アルファベット
4124,マヌ
4125,マヌカンズジャポン
4126,マヌーシュ
4127,マネビ
4128,マネブ
4129,マノロ ブラニク
4130,マノン
4131,マハリシ
4132,マフィア
4133,マベンウォッチズ
4134,マム
4135,マムート
4136,マメ クロゴウチ
4137,マメデンキュー
4138,マユ
4139,マユミハセガワ
4140,マラミュート
4141,マラヤン ペジョスキー
4142,マリ マロ
4143,マリア インチェル
4144,マリア グラチョボゲル
4145,マリア フランチェスコ
4146,マリア ブラック
4147,マリア ルドマン
4148,マリアーノ
4149,マリエオーガニクス
4150,マリオ マッテオ
4151,マリオス
4152,マリオス ショワブ
4153,マリオン ヴィンテージ
4154,マリテ＋フランソワ ジルボー
4155,マリナ リナルディ
4156,マリハ
4157,マリメッコ
4158,マリリンムーン
4159,マリン フランセーズ
4160,マリークヮント
4161,マリーン セル
4162,マルギット ブランド
4163,マルク ル ビアン
4164,マルケス アルメイダ
4165,マルケッサ
4166,マルコ タリアフェリ
4167,マルコ デ ヴィンチェンツオ
4168,マルコ ビチェゴ
4169,マルコマルカ
4170,マルコムゲール
4171,マルコモンド
4172,マルシャル テル
4173,マルセロ・ブロン カウンティ・オブ・ミラン
4174,マルテ(ショップ)
4175,マルティニアーノ
4176,マルティパーパス
4177,マルティーヌ シットボン
4178,マルニ
4179,マルベリー
4180,マルマス
4181,マレリー
4182,マレーラ
4183,マロウ
4184,マンオブムーズ
4185,マンゴ
4186,マンサー ガブリエル
4187,マンシングウェア
4188,マンダリナダック
4189,マンデーエディション
4190,マンド
4191,マンナイン
4192,マンハッタン ポーテージ
4193,マーカウェア
4194,マーカス ルーファー
4195,マーガレット・ハウエル
4196,マーキュリーデュオ
4197,マーク BY マーク ジェイコブス
4198,マーク ゴンザレス
4199,マーク ジェイコブス
4200,マーク ファスト
4201,マーク マクナイリー
4202,マークスアンドウェブ
4203,マークス＆スペンサー
4204,マーク＆ロナ
4205,マーシェルシェ
4206,マーシャー
4207,マージン
4208,マーズ
4209,マーチエルエービー
4210,マーティン グラント
4211,マーティン フェイジー
4212,マーティン ブラウン
4213,マーティンローズ
4214,マーブルズ
4215,マーモット
4216,マーロ
4217,マーヴィーラボ
4218,ミアズ
4219,ミオ ハルタカ
4220,ミカコ ナカムラ
4221,ミキ フカイ
4222,ミキア
4223,ミキオサカベ
4224,ミキハウス
4225,ミキモト
4226,ミゲール アドローヴァー
4227,ミゲール バラシオ
4228,ミサハラダ ロンドン
4229,ミシカ
4230,ミシャ
4231,ミジョン パーク
4232,ミス ミー
4233,ミスシックスティ
4234,ミスター アンド ミセス イタリー
4235,ミスター カサノバ
4236,ミスターイット
4237,ミスターオリーブ
4238,ミスター・ジェントルマン
4239,ミスティウーマン
4240,ミスティック
4241,ミスモ
4242,ミズイロインド
4243,ミズノ
4244,ミソグラフィー
4245,ミチコ コシノ
4246,ミチノ
4247,ミッシェル ペリー
4248,ミッシェル ヴィヴィアン
4249,ミッシェルクラン
4250,ミッシュマッシュ
4251,ミッソーニ
4252,ミッドウエスト
4253,ミツシヤナイハラ
4254,ミツル オカザキ
4255,ミディウミソリッド
4256,ミドラ
4257,ミドリカワ
4258,ミドー
4259,ミナ
4260,ミナ ペルホネン
4261,ミニマム ミニマム
4262,ミニマル チョコレート
4263,ミネトンカ
4264,ミノアー
4265,ミノトール
4266,ミフネ
4267,ミミ
4268,ミミ フィッツジェラルド
4269,ミミ ミラノ
4270,ミミック プラスエイトパリスロック
4271,ミヤオ
4272,ミュウミュウ
4273,ミュグレー
4274,ミュゲ
4275,ミュズニー
4276,ミュベール
4277,ミュラー オブ ヨシオクボ
4278,ミューカ
4279,ミュージアムニュー
4280,ミューズ
4281,ミューニック
4282,ミューラル
4283,ミュールバウアー
4284,ミラ オーウェン
4285,ミラノコレクション
4286,ミラン ヴィクミロビッチ
4287,ミラ・ショーン
4288,ミラー
4289,ミリアム オカリス
4290,ミリアム ポンサ
4291,ミリカン
4292,ミリー
4293,ミルク
4294,ミルクフェド
4295,ミルクボーイ
4296,ミルコ ブッフィーニ フィレンツェ
4297,ミレナ シルヴァノ
4298,ミレプリ
4299,ミロイケ
4300,ミンクピンク
4301,ミントデザインズ
4302,ミー
4303,ミーア
4304,ミーアンドカシミア
4305,ミーウ ニューヨーク
4306,ミーウィー
4307,ミーガンパーク
4308,ミーゼン
4309,ミーダム カーチョフ
4310,ミーン
4311,ミーンズワイル
4312,ムイ
4313,ムジィーク
4314,ムチャチャ
4315,ムッシュニコル
4316,ムッシュー ラスネール
4317,ムニョス ブランデシック
4318,ムルーア
4319,ムー(コスメ)
4320,ムースナックルズ
4321,ムータ
4322,ムーニュ
4323,ムーレー
4324,ムーンエイジデビルメント
4325,ムーンスター
4326,メアグラーティア
4327,メアリ オル ターナ
4328,メアリー カトランズ
4329,メイ
4330,メイクアップフォーエバー
4331,メイソングレイ
4332,メイソンズ
4333,メイデン
4334,メイデンアート
4335,メイデンノアール
4336,メイド イン ヘブン
4337,メイドインワールド
4338,メイドミー
4339,メイプル
4340,メイベリン ニューヨーク
4341,メインアトラクション
4342,メガネアンドミー
4343,メシカ
4344,メシット
4345,メゾン エウレカ
4346,メゾン キツネ
4347,メゾン タクヤ
4348,メゾン ド エフ
4349,メゾン ド フルール
4350,メゾン フランシス クルジャン
4351,メゾン プロマックス
4352,メゾン ボワネ
4353,メゾン マルジェラ
4354,メゾン ミッシェル
4355,メゾン ミハラヤスヒロ
4356,メゾンスペシャル
4357,メゾンバース
4358,メタファー
4359,メタファー...
4360,メット
4361,メディア
4362,メディコム・トイ
4363,メトロシティ
4364,メニケッティ
4365,メミューズ
4366,メメント・モリ
4367,メラントリックヘムライト
4368,メリ メロ
4369,メリッサ
4370,メリッタ バウマイスター
4371,メリー フランシス
4372,メリージェニー
4373,メルシーボークー、
4374,メルベイユアッシュ
4375,メルローズ
4376,メルヴィータ
4377,メレリオ・ディ・メレー
4378,メロウ
4379,メロディーインスティテュート
4380,メロディーバスケット
4381,メローラ
4382,メンズ・ビギ
4383,メンテナント
4384,メーカーズシャツ鎌倉
4385,モアアバウトレス
4386,モアザン
4387,モアザンワーズ
4388,モエロコ
4389,モコ
4390,モスキーノ
4391,モスコット
4392,モソデリア
4393,モダルー
4394,モダンアミューズメント
4395,モックバーグ
4396,モディファイ
4397,モト ゴー
4398,モトナリ オノ
4399,モトヒロ タンジ
4400,モニコト
4401,モニタリー
4402,モノビ
4403,モバード
4404,モヒート
4405,モブスタイルス
4406,モラビト
4407,モリーヴ
4408,モルガン
4409,モルガンベロ
4410,モルトンブラウン
4411,モレスキン
4412,モレモ
4413,モロコバー
4414,モロー・パリ
4415,モワナ
4416,モンキ
4417,モンキータイム
4418,モンクレール
4419,モンクレール ガム・ブルー
4420,モンクレール ガム・ルージュ
4421,モンクレール グルノーブル
4422,モンシロ
4423,モンタージュ
4424,モンツキ
4425,モンテイン
4426,モンテドーロ
4427,モンディーン
4428,モンブラン
4429,モンベル
4430,モーガン レーン
4431,モーティブ
4432,モーテル
4433,モードアコテ
4434,モーフィンジェネレーション
4435,モーブッサン
4436,ヤア
4437,ヤエカ
4438,ヤコブ イェンセン
4439,ヤコブ コーエン
4440,ヤシキ
4441,ヤスユキイシイ
4442,ヤズブキー
4443,ヤヌカ
4444,ヤヌーク
4445,ヤブヤム
4446,ヤポンスキー
4447,ヤマイ
4448,ヤン ヤン ヴァン エシュ
4449,ヤンコ
4450,ヤントル
4451,ヤンナモーリー
4452,ヤンヤン
4453,ヤーモ
4454,ユイマ ナカザト
4455,ユウ オゼキ
4456,ユウキ ハシモト
4457,ユウミアリア
4458,ユキ
4459,ユキ トリヰ
4460,ユキコ ハナイ
4461,ユキヒーロープロレス
4462,ユッタ ニューマン
4463,ユナイタス
4464,ユナイテッド カラーズ オブ ベネトン
4465,ユナイテッド スタンダード
4466,ユナイテッド トウキョウ
4467,ユナイテッド ヌード
4468,ユナイテッドアスレ
4469,ユナイテッドアローズ
4470,ユナイテッドバンブー
4471,ユニオンランチ
4472,ユニオン・オルロジェール
4473,ユニクロ
4474,ユニック
4475,ユニバーサル ジュネーブ
4476,ユニバーサル プロダクツ
4477,ユニバーサルワークス
4478,ユニフ
4479,ユニフォーム エクスペリメント
4480,ユニフォームウェアーズ
4481,ユニヴァーサル ティシュ
4482,ユハ
4483,ユマ コシノ
4484,ユミカツラ
4485,ユミキム
4486,ユリウス
4487,ユリス ナルダン
4488,ユー ハンドメイド イン イングランド
4489,ユーアーグラム
4490,ユーイージー
4491,ユーシーエス
4492,ユージニア キム
4493,ユージュ
4494,ユースレス
4495,ユービック
4496,ユーマストクリエイト
4497,ヨ アサ
4498,ヨアナ バラシー
4499,ヨウジヤマモト
4500,ヨウヘイ オオノ
4501,ヨシエイナバ
4502,ヨシオクボ
4503,ヨシキモノ
4504,ヨシコ クリエーション
4505,ヨハン クー
4506,ヨユー
4507,ヨロズ
4508,ヨンドシー
4509,ヨーガンレール
4510,ヨーク
4511,ヨーコ チャン
4512,ヨーコサカモト
4513,ヨープ！
4514,ラ ブーシュ ルージュ
4515,ラ ロッシュ ポゼ
4516,ライアン ロー
4517,ライオンハート
4518,ライスマン
4519,ライセンシャス
4520,ライツ
4521,ライディングハイ
4522,ライト
4523,ライフウィズフラワーズ
4524,ライル＆スコット
4525,ラインヴァンド
4526,ラウタシー
4527,ラウドスタイルデザイン
4528,ラウラ
4529,ラウンジリザード
4530,ラウンダバウト
4531,ラウンデル ロンドン
4532,ラカ
4533,ラカグ
4534,ラカル
4535,ラクレーム
4536,ラグア ジェム
4537,ラグス マックレガー
4538,ラグナムーン
4539,ラグ＆ボーン
4540,ラゲッジレーベル
4541,ラコステ
4542,ラシット
4543,ラシュモン
4544,ラスティ ソート
4545,ラスティーク
4546,ラスト
4547,ラストフラワー オブ ジ アフターヌーン
4548,ラストフレーム
4549,ラッキーソックス
4550,ラッキーブランド
4551,ラッシュ
4552,ラッセルモカシン
4553,ラッツ
4554,ラッツェル アンド ウォルフ
4555,ラットレース
4556,ラッド ミュージシャン
4557,ラッピンノット
4558,ラップス
4559,ラディアル
4560,ラデュレ
4561,ラトルトラップ
4562,ラドリー
4563,ラドロー
4564,ラドー
4565,ラバーダック
4566,ラビド
4567,ラフ シモンズ
4568,ラファイエット
4569,ラファエル キャノ
4570,ラフェニューヨーク
4571,ラブ
4572,ラブ アワー デイズ
4573,ラブガールズマーケット
4574,ラブボート
4575,ラブレス
4576,ラブ・ライナー
4577,ラブ＆ヘイト
4578,ラプス
4579,ラベンハム
4580,ラペルラ
4581,ラボラトリーワーク
4582,ラマルク
4583,ラミダス
4584,ラム
4585,ラム・シェ
4586,ラララブ
4587,ラリオセタ
4588,ラリック
4589,ラリン
4590,ラルコバレーノ
4591,ラルディーニ
4592,ラルフ ローレン
4593,ラロース パリ
4594,ラングラー
4595,ランゲージ
4596,ランコム
4597,ランズ オブ エデン
4598,ランセル
4599,ランダ
4600,ランドホルツ
4601,ランドリー
4602,ランドロード ニューヨーク
4603,ランバン
4604,ランバン オン ブルー
4605,ランバン コレクション
4606,ランブルレッド
4607,ラ・スリーズ・シュ・ル・シャポー
4608,ラ・フェティッシュ
4609,ラ・ブルケット
4610,ラ・メゾン・デュ・ショコラ
4611,ラ・メール コレクションズ
4612,ラーズ ニルソン
4613,ラーレ
4614,ラ･プレリー
4615,リアクレア
4616,リアム ホッジス
4617,リアリティスタジオ
4618,リエカ イノウエ ヌー
4619,リエンダ
4620,リカ
4621,リカルド ティッシ
4622,リガーズ
4623,リコ
4624,リコ バイ ミズキ シンカイ
4625,リコッタ
4626,リサウンドクロージング
4627,リサージ
4628,リザ べラチュウ
4629,リザード・ヘッド
4630,リシャール ミル
4631,リシュモン
4632,リジー フォルトゥナート
4633,リズ クレイボーン
4634,リズ トウキョウ
4635,リズリサ
4636,リゼクシー
4637,リゼッタ
4638,リゾネイト グッド　イナフ
4639,リゾルト
4640,リタ
4641,リター
4642,リチウム
4643,リチャード ジェームズ
4644,リチャード チャイ
4645,リチャード ニコル
4646,リチャードソン
4647,リチャード･アンダーソン
4648,リック・オウエンス
4649,リッチ
4650,リッチー・エブリデイ
4651,リッチ＆スキニー
4652,リップ
4653,リップサービス
4654,リップンディップ
4655,リップヴァンウィンクル
4656,リツコ シラハマ
4657,リディアル
4658,リディア・デルガド
4659,リト
4660,リトゥ
4661,リトゥンアフターワーズ
4662,リトルビッグ
4663,リドレマ
4664,リナ・オスターマン
4665,リナーリ
4666,リネッタ
4667,リノ
4668,リハード
4669,リバルテ
4670,リバーアイランド
4671,リバーサル・ドーギ・デザイン・ワークス
4672,リバース
4673,リバース・プロジェクト
4674,リバーメイド
4675,リヒトステール
4676,リヒト・ベシュトレーベン
4677,リビアナ コンティ
4678,リフレクト
4679,リプレイ
4680,リベット・アンド・サージ
4681,リベル オズ
4682,リベルム
4683,リベンハム
4684,リボルバー
4685,リミ フゥ
4686,リムアーク
4687,リモネン
4688,リモワ
4689,リュ ドゥ ベルヌイユ
4690,リュ ドゥ マイユ
4691,リュイ
4692,リュシオル ジャンピエール
4693,リュニフォーム
4694,リュネット コレクション
4695,リュンヌ
4696,リュー
4697,リューヤ キムラ
4698,リュール
4699,リョウタムラカミ
4700,リランドチュール
4701,リリアンビューティ
4702,リリシズム
4703,リリー ブラウン
4704,リリーファースト ヴィンテージ
4705,リリー＆エマ
4706,リルアーモンド
4707,リルホワイトドット
4708,リルリリー
4709,リロト
4710,リワーズ/リワーズデザイン
4711,リンクス オブ ロンドン
4712,リングヂャケット
4713,リンス
4714,リンダ ファロー
4715,リンメル
4716,リヴォラ
4717,リー
4718,リーアスタリスク
4719,リーガル
4720,リーコン
4721,リージー ブティック
4722,リーセンシィ オブ マイン
4723,リード エムエフジー
4724,リード クラッコフ
4725,リーバイス
4726,リーバイス ビンテージ クロージング
4727,リーバイス レッド
4728,リーファー
4729,リーフェ ジュエリー
4730,リーボック
4731,リーム
4732,ル グラジック
4733,ル タロン
4734,ル フィル
4735,ル ヴォヤージュエンパニエ
4736,ルアム
4737,ルイ フェロー
4738,ルイジボレッリ
4739,ルイス
4740,ルイスレザーズ
4741,ルイ・ヴィトン
4742,ルイーズ グレイ
4743,ルイーズ ゴールディン
4744,ルゥデ
4745,ルエラ
4746,ルカ
4747,ルカ オッセンドライバー
4748,ルコック スポルティフ
4749,ルコライン
4750,ルシアン ペラフィネ
4751,ルシェルブルー
4752,ルスティック
4753,ルスーク
4754,ルックミー
4755,ルッツ
4756,ルッフォ リサーチ
4757,ルトロワ
4758,ルナソル
4759,ルネ
4760,ルノア
4761,ルパート・サンダーソン
4762,ルビー アンド ユー
4763,ルプコ
4764,ルミ
4765,ルミノア
4766,ルミノックス
4767,ルラシェ
4768,ルラティブマン
4769,ルラボ
4770,ルル ギネス
4771,ルル フロスト
4772,ルルルン
4773,ルルレモン
4774,ルンゲ
4775,ルヴィオネ
4776,ル・クルーゼ
4777,ル・シャモー
4778,ル・ピボット
4779,ル・フラックス
4780,ル・ペルソナ
4781,ル・モンサンミッシェル
4782,ルー ダルトン
4783,ルーカ
4784,ルージュ・ヴィフ
4785,ルースター
4786,ルースターキング&カンパニー
4787,ルーディーズ
4788,ルートート
4789,ルード
4790,ルードギャラリー
4791,ルードギャラリー ブラックレベル
4792,ループウィラー
4793,ルーム エイト
4794,ルームサンマルロク コンテンポラリー
4795,ルール ロジェット
4796,レ コパン
4797,レアセル
4798,レイ ビームス
4799,レイカズン
4800,レイジ ハリモト
4801,レイジブルー
4802,レイジー・オーフ
4803,レイチェル アシュウェル シャビー シック クチュール
4804,レイチェル アントノフ
4805,レイチェル コーミー
4806,レイニングチャンプ
4807,レイニープラネット
4808,レイバン
4809,レイミー
4810,レイラ
4811,レインメーカー
4812,レイヴニック
4813,レオナード・ウォン
4814,レオナール
4815,レオネロ ボルギ
4816,レオン アト
4817,レオンルイス
4818,レカット
4819,レキサミ
4820,レザーアーツ & クラフツ モト
4821,レザーズアンドトレジャース
4822,レシオ
4823,レシピスト
4824,レジーム・デ・フルール
4825,レス ザン ヒューマン
4826,レスカ
4827,レスクワッド
4828,レストローズ
4829,レスポートサック
4830,レスレストン
4831,レゼルボワール
4832,レゾム
4833,レターズ
4834,レックス
4835,レックスドレイ
4836,レッセ・パッセ
4837,レットイットライド
4838,レッド ヴァレンティノ
4839,レッドカード
4840,レッドキャップ
4841,レッドビーエー
4842,レッドライン
4843,レッド・ウィング
4844,レディアゼル
4845,レディメイド
4846,レトロガール
4847,レナルメルスキー
4848,レナード プランク
4849,レネ カオヴィラ
4850,レネレイド
4851,レノマ
4852,レビオン
4853,レブレッソ
4854,レブロン
4855,レプ ラス
4856,レプリカ
4857,レベッカ テイラー
4858,レベッカ ブティック
4859,レベッカミンコフ
4860,レペット
4861,レポシ
4862,レミ レリーフ
4863,レリアン
4864,レリジョン
4865,レリッシュ
4866,レン
4867,レントリアン
4868,レーベルアンダーコンストラクション
4869,ロアー
4870,ロイスクレヨン
4871,ロイヤル コペンハーゲン
4872,ロイヤル ゴージ ブリッジ
4873,ロイヤルオーダー
4874,ロイヤルパーティー
4875,ロイヤルプッシー
4876,ロイヤル・アッシャー
4877,ロゥタス
4878,ロウナー ロンドン
4879,ロウライダー
4880,ロエベ
4881,ロエン
4882,ロカリナ
4883,ロキシー
4884,ロキト
4885,ロギーケイ
4886,ロクサンダ イリンチック
4887,ロクシタン
4888,ロゴワ
4889,ロサモサ
4890,ロサンゼルスアパレル
4891,ロザ コンテス
4892,ロザ チャ
4893,ロシェル
4894,ロシオ
4895,ロシャス
4896,ロジェ ヴィヴィエ
4897,ロジェ・ガレ
4898,ロジェ・デュブイ
4899,ロジータ
4900,ロストコントロール
4901,ロゼッタ ゲッティ
4902,ロゼモン
4903,ロソ
4904,ロダルテ
4905,ロッキーマウンテンフェザーベッド
4906,ロック
4907,ロック ステディー
4908,ロックスター
4909,ロックスミス
4910,ロックポート
4911,ロックマウント
4912,ロック＆リパブリック
4913,ロッコバロッコ
4914,ロッシュ ボボア
4915,ロット ラム
4916,ロットホロン
4917,ロットワイラー
4918,ロデオ クラウンズ
4919,ロトル
4920,ロドニク
4921,ロドリゴ ニューヨーク バイ ロドリゴ オタズ
4922,ロドルフ
4923,ロバー
4924,ロバート ゲラー
4925,ロフ
4926,ロベルタ ディ カメリーノ
4927,ロベルタ フルラネット
4928,ロベルト カヴァリ
4929,ロベルト コリーナ
4930,ロベルト デル カルロ
4931,ロベルト ムッソ
4932,ロベール・クレジュリー
4933,ロペ
4934,ロペピクニック
4935,ロマン ジェローム
4936,ロマンス
4937,ロムアンド
4938,ロメイ
4939,ロメオ ジリ
4940,ロリンザ
4941,ロリータ ロレンゾ
4942,ロレアル パリ
4943,ロレックス
4944,ロレール
4945,ロロ・ピアーナ
4946,ロンシャン
4947,ロンジン
4948,ロンズデ―ル
4949,ロンズデール
4950,ロンドンソール
4951,ロンドントラディション
4952,ロンドンフォグ
4953,ロンハーマン
4954,ロンバート
4955,ロンワンズ
4956,ロー
4957,ローウィー
4958,ローカ
4959,ローカルサプライ
4960,ローカルセレブリティー
4961,ローカルルーツ
4962,ローガン
4963,ローク
4964,ローグスギャラリー
4965,ローズ バッド
4966,ローズフィールド
4967,ローズブリット
4968,ローズマリーソワール
4969,ローター
4970,ロートルショーズ
4971,ロートレアモン
4972,ローファッジ
4973,ローブス＆コンフェクションズ
4974,ローラ アシュレイ
4975,ローラ メルシエ
4976,ローラハット
4977,ローランド ベリー クリエイト
4978,ローリーズファーム
4979,ローリー・ロドキン
4980,ローレンス ジェンキン スペクタクル メーカー
4981,ローレンス ディケイド
4982,ローン
4983,ワイアット
4984,ワイアールユー
4985,ワイエムウォルツ
4986,ワイオーエヌ
4987,ワイス
4988,ワイスリー
4989,ワイズ
4990,ワイズレッドレーベル
4991,ワイルドフォックス
4992,ワイレッド
4993,ワイ＆サンズ
4994,ワガンセ
4995,ワコマリア
4996,ワコール
4997,ワソウ
4998,ワルツ フォー ロルカ
4999,ワンアフターアナザー ナイスクラップ
5000,ワンウェイ
5001,ワングラビティ
5002,ワンスポ
5003,ワンスリー コンパウンドフレーム
5004,ワンズ ストローク
5005,ワンダーバゲージ
5006,ワンダーランド
5007,ワンバイコーセー
5008,ワンピースとタイツ
5009,ワーク ノット ワーク
5010,ワールドワイドラブ
5011,ワールドワーカーズ
5012,08サーカス
5013,1017 アリックス 9SM
5014,"20,000,000 フラグメンツ"
5015,20471120
5016,23区
5017,24サーフ
5018,3.1 フィリップ リム
5019,5351 プーラ・ファム
5020,5351 プール・オム
5021,5525ギャラリー
5022,55ディーエスエル
5023,603
5024,6876
5025,77サーカ
5026,ザ レタリング
5027,.セレン/ディピティ.
5028,A.F.ヴァンデヴォースト
5029,A.ランゲ＆ゾーネ
5030,A｜Xアルマーニ エクスチェンジ
5031,C.P.カンパニー
5032,Dr.ハウシュカ
5033,DtE イン カリフォルニア
5034,dプログラム
5035,F.P.ジュルヌ
5036,G.ガリアノーネ
5037,H.モーザー
5038,J.クルー
5039,J.リンドバーグ
5040,JAP工房
5041,K-パレット
5042,L.L.ビーン
5043,LVMH
5044,MZウォレス
5045,N.ハリウッド
5046,S.E.H ケリー
5047,Y/プロジェクト
5048,YSTRDY'S TMRRW
5049,[ミロック]
5050,_ トモウミ オノ
5051,三陽山長
5052,中川政七商店
5053,乃が美
5054,京都デニム
5055,京都宇治総本家 辻利
5056,俄
5057,傳(ツタエ)
5058,単農
5059,原宿シカゴ(ショップ)
5060,古着(ユーズド)
5061,和洋折衷
5062,土屋鞄製造所
5063,大塚呉服店
5064,室華風
5065,小竹長兵衛作
5066,嵜本
5067,所作
5068,春水堂
5069,東洋エンタープライズ
5070,桃太郎ジーンズ
5071,江原道
5072,津田コスメ
5073,灰汁
5074,無印良品
5075,白山眼鏡店
5076,祇園辻利
5077,秦流舎
5078,竺仙
5079,粧う
5080,糸衣
5081,組曲
5082,綺萌野 青野工房
5083,自由区
5084,船橋屋
5085,花とギター
5086,資生堂
5087,辻利兵衛本店
5088,金子眼鏡
5089,銀座に志かわ
5090,雪肌精
5091,麻布テーラー
5092,A BATHING APE
5093,A.P.C.
5094,Acne Studios
5095,ADAM ET ROPÉ
5096,ADDICTION
5097,adidas
5098,Aēsop
5099,Aeta
5100,agnès b.
5101,AGNONA
5102,AHKAH
5103,AKANE UTSUNOMIYA
5104,AKIKOAOKI
5105,AKIRANAKA
5106,ALAÏA
5107,alain mikli
5108,ALANUI
5109,ALBERTA FERRETTI
5110,ALBION
5111,ALDEN
5112,ALETTE BLANC
5113,Alexander McQueen
5114,alexanderwang
5115,ALEXIS MABILLE
5116,alice + olivia
5117,alice auaa
5118,ALLEGE
5119,AMACA
5120,AMBELL
5121,AMBUSH
5122,ami alexandre mattiussi
5123,amiu.c
5124,Amplitude
5125,ANDERSEN-ANDERSEN
5126,aniary
5127,ANN DEMEULEMEESTER
5128,ANNA SUI
5129,ANREALAGE
5130,ANTEPRIMA
5131,ANTIPAST
5132,ANYA HINDMARCH
5133,Aquascutum
5134,aramis
5135,ARC'TERYX
5136,Arobe
5137,ASEEDONCLOUD
5138,ASICS
5139,atmos
5140,ato
5141,ATSUSHI NAKASHIMA
5142,ATTACHMENT
5143,AUBERCY
5144,AUDEMARS PIGUET
5145,AULA
5146,AURALEE
5147,AUTHENTIC SHOE & Co.
5148,AVIE
5149,ayâme
5150,ayame i wear design
5151,ayumi.mitsukane
5152,AYURA
5153,AZUL by moussy
5154,A|X ARMANI EXCHANGE
5155,B.A
5156,Baccarat
5157,BALENCIAGA
5158,Bally
5159,BALMAIN
5160,BALMUNG
5161,Barbour
5162,BATONER
5163,BAUM UND PFERDGARTEN
5164,BEAMS
5165,beautiful people
5166,BED J.W. FORD
5167,bedsidedrama
5168,BEDWIN & THE HEARTBREAKERS
5169,Belstaff
5170,BEN TAVERNITI UNRAVEL PROJECT
5171,bench
5172,BERING
5173,Berluti
5174,Bershka
5175,BIRKENSTOCK
5176,BlackWeirdos
5177,blugirl
5178,Blumarine
5179,blurhms
5180,BOBBI BROWN
5181,bodysong.
5182,Bonpoint
5183,Borsalino
5184,BOTANIST
5185,BOTTEGA VENETA
5186,BOUNTY HUNTER
5187,BRACTMENT
5188,Breguet
5189,BREITLING
5190,Brooks Brothers
5191,BRUNELLO CUCINELLI
5192,bubó BARCELONA
5193,bukht
5194,BURBERRY
5195,BUTTERO
5196,BVLGARI
5197,BYREDO
5198,Calvin Klein
5199,CAMPER
5200,CANADA GOOSE
5201,CANALI
5202,Candy Stripper
5203,CANMAKE
5204,CAROL CHRISTIAN POELL
5205,Cartier
5206,CARVEN
5207,Cath Kidston
5208,CÉDRIC CHARLIER
5209,CELINE
5210,Celvoke
5211,Champion
5212,CHAN LUU
5213,CHANEL
5214,CHAUMET
5215,Children of the discordance
5216,Chloé
5217,Chopard
5218,Christian Louboutin
5219,CHRISTOPHE LEMAIRE
5220,Christopher Kane
5221,CHROME HEARTS
5222,Chun Shui Tang
5223,Church's
5224,CINOH
5225,CINQUANTA
5226,CITIZEN
5227,CIVILIZED
5228,CLANE
5229,CLARINS
5230,CLAUDIA LI
5231,clé de peau Beauté
5232,CLINIQUE
5233,CMMN SWDN
5234,COACH
5235,Coci la elle
5236,coeur
5237,COFFRET D'OR
5238,Columbia
5239,COMESANDGOES
5240,COMME des GARÇONS
5241,COMOLI
5242,CONVERSE
5243,Coohem
5244,COS
5245,CoSTUME NATIONAL
5246,COVERMARK
5247,Credor
5248,CROCKETT&JONES
5249,Cruciani
5250,CULLNI
5251,CUNE
5252,CYCLAS
5253,D'URBAN
5254,DAKS
5255,Daniel&Bob
5256,DE LA MER
5257,DECORTÉ
5258,DEMEL
5259,DENHAM
5260,DEREK LAM
5261,DESCENTE
5262,DIANA
5263,DIANE von FURSTENBERG
5264,Dickies
5265,DIESEL
5266,DIESEL BLACK GOLD
5267,DIET BUTCHER SLIM SKIN
5268,DIGAWEL
5269,DIOR
5270,DIOR HOMME
5271,diptyque
5272,discord Yohji Yamamoto
5273,DISCOVERED
5274,DITA
5275,divka
5276,DOLCE&GABBANA
5277,DOMENICO+SAVIO
5278,Donnah Mabel
5279,doublet
5280,Dr.Martens
5281,DRESSEDUNDRESSED
5282,DRIES VAN NOTEN
5283,DSQUARED2
5284,dunhill
5285,DUVETICA
5286,e.m.
5287,EACH OTHER
5288,EBONY
5289,ED ROBERT JUDSON
5290,EDWARD GREEN
5291,EDWIN
5292,EFFECTEN
5293,EFILEVOL
5294,Eggs 'n Things
5295,elephant TRIBAL fabrics
5296,ELISABETTA FRANCHI
5297,Elizabeth and James
5298,EMILIO PUCCI
5299,Emily Temple cute
5300,EMMETI
5301,emmi
5302,EMPORIO ARMANI
5303,ENFÖLD
5304,ENGINEERED GARMENTS
5305,Enharmonic TAVERN
5306,EPOCA
5307,EQUIPMENT
5308,ERDEM
5309,ERMANNO SCERVINO
5310,Ermenegildo Zegna
5311,ESPRIQUE
5312,est
5313,Estée Lauder
5314,ESTNATION
5315,ETHOSENS
5316,ETRO
5317,Ezumi
5318,F-LAGSTUF-F
5319,FABIANA FILIPPI
5320,FACETASM
5321,FACTOTUM
5322,FAGASSENT
5323,Faliero Sarti
5324,FENDI
5325,FILA
5326,FILL THE BILL
5327,FilMelange
5328,FIVEISM × THREE
5329,FLICKA
5330,FLUMOR
5331,foot the coacher
5332,FOOTSTOCK ORIGINALS
5333,forte_forte
5334,fragment design
5335,Francfranc
5336,Frank & Eileen
5337,FRANK LEDER
5338,FRAPBOIS
5339,FRAY I.D
5340,FRED PERRY
5341,Fulton
5342,FUMIE TANAKA
5343,FUMIKA_UCHIDA
5344,FUMITO GANRYU
5345,FURFUR
5346,FURLA
5347,G-SHOCK
5348,G-Star RAW
5349,G.V.G.V.
5350,GalaabenD
5351,GAP
5352,gelato pique
5353,giab’s ARCHIVIO
5354,GIANFRANCO FERRE
5355,Gion Tsujiri
5356,Giorgio Armani
5357,GIORGIO BRATO
5358,GIUSEPPE ZANOTTI
5359,Givenchy
5360,glamb
5361,GODIVA
5362,GOLDEN GOOSE DELUXE BRAND
5363,gomme
5364,Gosha Rubchinskiy
5365,Goutal
5366,GOYARD
5367,GRACE CONTINENTAL
5368,Graphpaper
5369,GREGORY
5370,GU
5371,GUACAMOLE
5372,GUCCI
5373,GUERLAIN
5374,GUESS
5375,GUIDI
5376,H&M
5377,h.NAOTO
5378,ha | za | ma
5379,Häagen-Dazs
5380,HaaT
5381,HACCI
5382,HAIDER ACKERMANN
5383,Happy Socks
5384,HARE
5385,Harikae
5386,HARRY WINSTON
5387,HATRA
5388,HAVERSACK
5389,HELEN KAMINSKI
5390,HELENA RUBINSTEIN
5391,Hender Scheme
5392,Henri Charpentier
5393,HENRI LE ROUX
5394,HENRIK VIBSKOV
5395,HERMÈS
5396,HERNO
5397,HERON PRESTON
5398,HIROFU
5399,HIROKO BIS
5400,HIROKO KOSHINO
5401,HISUI HIROKO ITO
5402,HOLIDAY
5403,HTC
5404,HUBLOT
5405,HUF
5406,HUGO BOSS
5407,HUNTER
5408,HUNTING WORLD
5409,HYKE
5410,HYSTERIC GLAMOUR
5411,Ice-Watch
5412,ID DAILYWEAR
5413,ikea
5414,IKUMI
5415,IL BISONTE
5416,IN-PROCESS Tokyo
5417,INCOTEX
5418,INDIVIDUALIZED SHIRTS
5419,INVERALLAN
5420,IPSA
5421,Iroquois
5422,ISABEL MARANT
5423,ISAMU KATAYAMA　BACKLASH
5424,ISSEY MIYAKE
5425,IWC
5426,J.Crew
5427,J.M. WESTON
5428,JACOB COHEN
5429,JAM HOME MADE
5430,JAMES PERSE
5431,Jane Marple
5432,JANE SMITH
5433,JASON WU
5434,JEAN PAUL GAULTIER
5435,JEAN-PAUL HÉVIN
5436,Jeffrey Campbell
5437,Jenny Fax
5438,Jens
5439,JieDa
5440,JIL SANDER
5441,JILLSTUART
5442,JIMMY CHOO
5443,JINS
5444,JO MALONE LONDON
5445,Jocomomola
5446,Johan Ku
5447,John Galliano
5448,JOHN LAWRENCE SULLIVAN
5449,JOHN LOBB
5450,JOHN MASON SMITH
5451,john masters organics
5452,JOHN SMEDLEY
5453,JOHNBULL
5454,JOHNSTONS
5455,JOSEPH HOMME
5456,JOTARO SAITO
5457,JOURNAL STANDARD
5458,JUHA
5459,Julien David
5460,JULIUS
5461,junhashimoto
5462,JUNYA WATANABE COMME des GARÇONS
5463,Just Cavalli
5464,JUUN.J
5465,JUVENILE HALL ROLLCALL
5466,JW Anderson
5467,J＆M DAVIDSON
5468,k3&co.
5469,KAMILi
5470,KAMISHIMA CHINAMI
5471,KANEBO
5472,Kappa
5473,KAREN WALKER
5474,karrimor
5475,KATE
5476,kate spade new york
5477,Kazuki Nagayama
5478,KAZUYUKI KUMAGAI
5479,KEISUKEYOSHIDA
5480,KEITA MARUYAMA
5481,KENZO
5482,KICS DOCUMENT.
5483,KIDILL
5484,KIEHL'S SINCE 1851
5485,KIIT
5486,KIJIMA TAKAYUKI
5487,KINO
5488,Kirov
5489,KITH
5490,Kiwanda
5491,KOCHÉ
5492,kolor
5493,KOTONA
5494,KRIZIA
5495,kujaku
5496,KURO
5497,K三
5498,L'OCCITANE
5499,LA MAISON DU CHOCOLAT
5500,LACOSTE
5501,LAD MUSICIAN
5502,Ladurée
5503,Laline
5504,Lancôme
5505,LANVIN
5506,LANVIN COLLECTION
5507,LANVIN en Bleu
5508,LAPS
5509,LARDINI
5510,laura mercier
5511,Lautashi
5512,Le Creuset
5513,Lee
5514,Leilian
5515,LEONARD
5516,LeSportsac
5517,leur logette
5518,Levi's
5519,Levi's Vintage Clothing
5520,LIAM HODGES
5521,LIBERUM
5522,Licht Bestreben
5523,LIMI feu
5524,LISSAGE
5525,LITTLEBIG
5526,LOEWE
5527,LOKITHO
5528,LONGCHAMP
5529,LONGINES
5530,Loro Piana
5531,lot holon
5532,LOUIS VUITTON
5533,lucien pellat-finet
5534,LUIGI BORRELLI
5535,LUNASOL
5536,LUSH
5537,M A S U
5538,m's braque
5539,MACKINTOSH
5540,MACKINTOSH PHILOSOPHY
5541,MAGINE
5542,Maison Boinet
5543,MAISON KITSUNÉ
5544,Maison Margiela
5545,Maison MIHARA YASUHIRO
5546,MAJOLICA MAJORCA
5547,Mame Kurogouchi
5548,mando
5549,Manhattan Portage
5550,Mannequins JAPON
5551,Manolo Blahnik
5552,MAQuillAGE
5553,MARC JACOBS
5554,MARCELO BURLON COUNTY OF MILAN
5555,MARGARET HOWELL
5556,marimekko
5557,MARINA RINALDI
5558,MARKAWARE
5559,MARNI
5560,master-piece
5561,masterkey
5562,mastermind JAPAN
5563,matohu
5564,MAX BRENNER
5565,Max Mara
5566,McQ Alexander McQueen
5567,meagratia
5568,meanswhile
5569,MEDICOM TOY
5570,MELLERIO dits MELLER
5571,"mercibeaucoup,"
5572,MESSIKA
5573,Metaphor...
5574,MICHAEL KORS
5575,MIDDLA
5576,MIDIUMISOLID
5577,MIDWEST
5578,MIKIMOTO
5579,MIKIO SAKABE
5580,Mila Schoen
5581,MILK
5582,MILKBOY
5583,MILLY
5584,MiMC
5585,minä perhonen
5586,MINEDENIM
5587,Minimal
5588,mintdesigns
5589,Missoni
5590,MISTERGENTLEMAN
5591,MIU MIU
5592,MIYAO
5593,MIZUNO
5594,MM6 Maison Margiela
5595,MONCLER
5596,monkey time
5597,MONTBLANC
5598,MooRER
5599,MOREAU PARIS
5600,MOSCHINO
5601,MOSCOT
5602,motonari ono
5603,MOUSSY
5604,MSGM
5605,MULBERRY
5606,muller of yoshiokubo
5607,MURRAL
5608,MUVEIL
5609,MUZE
5610,MW
5611,my beautiful landlet
5612,my panda
5613,MYKITA
5614,MY___
5615,M·A·C
5616,N.HOOLYWOOD
5617,N21
5618,NAIFE
5619,NAILS INC
5620,NAISSANCE
5621,Name.
5622,nanamica
5623,NARS
5624,Né-net
5625,near.nippon
5626,NEEDLES
5627,NEHERA
5628,NEIGHBORHOOD
5629,Neil Barrett
5630,NEON SIGN
5631,nésessaire
5632,New Balance
5633,NEW ERA
5634,Nicolai Bergmann Flowers & Design
5635,Nigel Cabourn
5636,NIKE
5637,niko and ...
5638,NILøS
5639,NINA RICCI
5640,NIWAKA
5641,NIXON
5642,noir kei ninomiya
5643,NON TOKYO
5644,nonnative
5645,Norwegian Rain
5646,nude:masahiko maruyama
5647,nuterm
5648,NYA-
5649,O project
5650,OAMC
5651,OFF-WHITE c/o VIRGIL ABLOH
5652,OFFICINE UNIVERSELLE BULY
5653,ohta
5654,OKIRAKU
5655,OLIVER GOLDSMITH
5656,OLIVER PEOPLES
5657,OLIVIA BURTON
5658,OMEGA
5659,Onitsuka Tiger
5660,OPENING CEREMONY
5661,OPERA
5662,Oscar de la Renta
5663,OVERCOAT
5664,PABLO
5665,paco rabanne
5666,PALACE SKATEBOARDS
5667,Palm Angels
5668,PAMEO POSE
5669,PARADOX
5670,Paratiisi
5671,pas de calais
5672,PASS THE BATON
5673,Patagonia
5674,Patek Philippe
5675,pâtisserie Sadaharu AOKI paris
5676,PAUL & JOE
5677,Paul Smith
5678,Paul Stuart
5679,PAULE KA
5680,PEACH JOHN
5681,PELLICO
5682,PENHALIGON'S
5683,PETIT BATEAU
5684,PHEENY
5685,PHILIPPE MODEL
5686,PHILOSOPHY
5687,PHINGERIN
5688,Pierre Cardin
5689,PIERRE HARDY
5690,PIERRE HERMÉ PARIS
5691,Pierre Marcolini
5692,PIGALLE
5693,POLA
5694,PORTER
5695,PORTS 1961
5696,PRADA
5697,Pringle of Scotland
5698,Proenza Schouler
5699,PUMA
5700,Q-pot.
5701,Qu'il fait bon
5702,RAF SIMONS
5703,rag & bone
5704,RAINMAKER
5705,Ralph Lauren
5706,Rawtus
5707,Ray BEAMS
5708,Ray-Ban
5709,RBTXCO
5710,READYMADE
5711,REDValentino
5712,Reebok
5713,REGAL
5714,REKISAMI
5715,Repetto
5716,REVLON
5717,Rick Owens
5718,RIMMEL
5719,RIMOWA
5720,RIPVANWINKLE
5721,RMK
5722,rms beauty
5723,roar
5724,roberto cavalli
5725,roberto collina
5726,robes&confections
5727,ROCHAS
5728,Roen
5729,Roger Vivier
5730,ROGER&GALLET
5731,ROLEX
5732,Ron Herman
5733,Room no.8
5734,Royal Copenhagen
5735,RPKO
5736,RUMBLE RED
5737,RYOUTA MURAKAMI
5738,S.T. Dupont
5739,SABON
5740,sacai
5741,SAGE DE CRET
5742,sakayori.
5743,Salvatore Ferragamo
5744,Salvatore Piccolo
5745,salvy;
5746,Samsonite
5747,Samuji
5748,SANTONI
5749,Sasquatchfabrix.
5750,SATOKO OZAWA
5751,Saturdays NYC
5752,SAYAKA DAVIS
5753,SCAPA
5754,SCOTCH GRAIN
5755,Scye
5756,See By Chloé
5757,SEIKO
5758,semoh
5759,SERGE de bleu
5760,Sergio Rossi
5761,SHAREEF
5762,SHE Tokyo
5763,SHIATZY CHEN
5764,SHIHARA
5765,Shirley Temple
5766,SHIRO
5767,SHIROMA
5768,SHISEIDO
5769,shu uemura
5770,SHURON
5771,Sise
5772,SK-II
5773,sneeuw
5774,SNIDEL
5775,Snow Peak
5776,soe
5777,SOFINA Primavista
5778,SOMARTA
5779,SOPHNET.
5780,SOUTH2 WEST8
5781,SPECTUSSHOECO.
5782,SPORTMAX
5783,Sretsis
5784,STAIR
5785,STAR JEWELRY
5786,Starbucks
5787,Stella Jean
5788,STELLA McCARTNEY
5789,STEPHAN SCHNEIDER
5790,STOF
5791,STONE ISLAND
5792,STUDIO NICHOLSON
5793,STUDIO SEVEN
5794,STUDIOUS
5795,STÜSSY
5796,SUICOKE
5797,sulvam
5798,SUNAOKUWAHARA
5799,SUPP.
5800,support surface
5801,Supreme
5802,SUQQU
5803,suzuki takayuki
5804,SWAROVSKI
5805,Swatch
5806,Sybilla
5807,TAAKK
5808,tac:tac
5809,TADASHI SHOJI
5810,TAE ASHIDA
5811,TAG Heuer
5812,TAGLIATORE
5813,TAION
5814,TAKAHIROMIYASHITATheSoloist.
5815,talkative
5816,TAN
5817,TARO HORIUCHI
5818,TASAKI
5819,TATRAS
5820,TEÄTORA
5821,Tendence
5822,Teva
5823,THE BODY SHOP
5824,THE Dallas
5825,THE KEIJI
5826,The Letters
5827,THE NERDYS
5828,THE NORTH FACE
5829,THE RERACS
5830,THE ROW
5831,The Viridi-anne
5832,THEATRE PRODUCTS
5833,Theory
5834,THOM BROWNE
5835,THREE
5836,three dots
5837,tibi
5838,Tiffany & Co.
5839,tiit tokyo
5840,Timberland
5841,TINKERBELL
5842,TOCCA
5843,TOD'S
5844,TOGA
5845,TOKUKO 1er Vol
5846,TOM FORD
5847,TOMMY HILFIGER
5848,TOMORROWLAND
5849,TOMWOOD
5850,TOPMAN
5851,TOPSHOP
5852,TOPSHOP UNIQUE
5853,TORAYA
5854,TORY BURCH
5855,Traditional Weatherwear
5856,Tricker's
5857,Triumph
5858,TROVE
5859,TRUSSARDI
5860,TSUCHIYA KABAN
5861,TSUMORI CHISATO
5862,TULLY'S COFFEE
5863,UGG
5864,Ujoh
5865,uka
5866,UNDECORATED
5867,UNDEFEATED
5868,UNDERCOVER
5869,uniform experiment
5870,UNIQLO
5871,UNITED ARROWS
5872,UNITED NUDE
5873,UNITED STANDARD
5874,UNITED TOKYO
5875,UNITUS
5876,UNUSED
5877,URBAN RESEARCH
5878,URU
5879,VACHERON CONSTANTIN
5880,VAINL ARCHIVE
5881,VALENTINO
5882,Van Cleef & Arpels
5883,vanessabruno
5884,VANS
5885,VENDOME AOYAMA
5886,Veritecoeur
5887,VERSACE
5888,Versus Versace
5889,VETEMENTS
5890,VICTIM
5891,VIKTOR & ROLF
5892,Visée
5893,visvim
5894,VIVIANO SUE
5895,Vivienne Westwood
5896,WACKO MARIA
5897,WACOAL
5898,WEDGWOOD
5899,WEWILL
5900,WEYEP
5901,White Mountaineering
5902,Whitehouse Cox
5903,WHIZ LIMITED
5904,wizzard
5905,wjk
5906,wonderland
5907,WOOLRICH
5908,WRAPINKNOT
5909,X-girl
5910,XLARGE
5911,Y's
5912,Y-3
5913,YAECA
5914,YEAH RIGHT!!
5915,YOHEI OHNO
5916,Yohji Yamamoto
5917,YOKE
5918,YOKO CHAN
5919,yoshie inaba
5920,yoshiokubo
5921,you ozeki
5922,YUKI
5923,YUKI TORII
5924,YUKIHERO PRO-WRESTLING
5925,YUMA KOSHINO
5926,YVAN VALENTIN
5927,Yves Saint Laurent
5928,Yves Salomon
5929,ZANELLATO
5930,ZARA
5931,ZERO HALLIBURTON
5932,Zoff
5933,ZUCCa
5934,08sircus
5935,1/2 Un-Demi
5936,1017 ALYX 9SM
5937,3.1 Phillip Lim
5938,4℃
5939,5-knot.....
5940,999.9
5941,FRANCK MULLER
5942,_ TOMOUMI ONO
5943,不明